deep,linkKe,link_keluar,situsKe,url
1,1,https://id.wikipedia.org/wiki/Jenis_entitas_bisnis,1,https://id.wikipedia.org/wiki/Bank_Indonesia
1,2,https://id.wikipedia.org/wiki/Bank_Sentral,1,https://id.wikipedia.org/wiki/Bank_Indonesia
1,3,https://id.wikipedia.org/wiki/Bahasa_Indonesia,1,https://id.wikipedia.org/wiki/Bank_Indonesia
1,4,https://id.wikipedia.org/wiki/Indonesia,1,https://id.wikipedia.org/wiki/Bank_Indonesia
1,5,https://id.wikipedia.org/wiki/Jakarta_Pusat,1,https://id.wikipedia.org/wiki/Bank_Indonesia
1,6,https://id.wikipedia.org/wiki/Indonesia,1,https://id.wikipedia.org/wiki/Bank_Indonesia
1,7,https://id.wikipedia.org/wiki/Perry_Warjiyo,1,https://id.wikipedia.org/wiki/Bank_Indonesia
1,8,https://id.wikipedia.org/wiki/Mirza_Adityaswara,1,https://id.wikipedia.org/wiki/Bank_Indonesia
1,9,https://id.wikipedia.org/wiki/Bank_sentral,1,https://id.wikipedia.org/wiki/Bank_Indonesia
1,10,https://id.wikipedia.org/wiki/Republik_Indonesia,1,https://id.wikipedia.org/wiki/Bank_Indonesia
1,11,https://id.wikipedia.org/wiki/Rupiah,1,https://id.wikipedia.org/wiki/Bank_Indonesia
1,12,https://id.wikipedia.org/wiki/Nilai,1,https://id.wikipedia.org/wiki/Bank_Indonesia
1,13,https://id.wikipedia.org/wiki/Mata_uang,1,https://id.wikipedia.org/wiki/Bank_Indonesia
1,14,https://id.wikipedia.org/wiki/Moneter,1,https://id.wikipedia.org/wiki/Bank_Indonesia
1,15,https://id.wikipedia.org/wiki/Sistem_pembayaran,1,https://id.wikipedia.org/wiki/Bank_Indonesia
1,16,https://id.wikipedia.org/wiki/Indonesia,1,https://id.wikipedia.org/wiki/Bank_Indonesia
1,17,https://id.wikipedia.org/wiki/Rupiah,1,https://id.wikipedia.org/wiki/Bank_Indonesia
1,18,https://id.wikipedia.org/wiki/Otoritas_Jasa_Keuangan,1,https://id.wikipedia.org/wiki/Bank_Indonesia
1,19,https://id.wikipedia.org/wiki/Uang,1,https://id.wikipedia.org/wiki/Bank_Indonesia
1,20,https://id.wikipedia.org/wiki/Indonesia,1,https://id.wikipedia.org/wiki/Bank_Indonesia
1,21,https://id.wikipedia.org/wiki/2013,1,https://id.wikipedia.org/wiki/Bank_Indonesia
1,22,https://id.wikipedia.org/wiki/Agus_Martowardojo,1,https://id.wikipedia.org/wiki/Bank_Indonesia
1,23,https://id.wikipedia.org/wiki/Daftar_Gubernur_BI,1,https://id.wikipedia.org/wiki/Bank_Indonesia
1,24,https://id.wikipedia.org/wiki/Darmin_Nasution,1,https://id.wikipedia.org/wiki/Bank_Indonesia
1,25,https://id.wikipedia.org/wiki/Bank_Sentral,1,https://id.wikipedia.org/wiki/Bank_Indonesia
1,26,https://id.wikipedia.org/wiki/Undang-Undang_(Indonesia),1,https://id.wikipedia.org/wiki/Bank_Indonesia
1,27,https://id.wikipedia.org/wiki/Pemerintah,1,https://id.wikipedia.org/wiki/Bank_Indonesia
1,28,https://id.wikipedia.org/wiki/Departemen,1,https://id.wikipedia.org/wiki/Bank_Indonesia
1,29,https://id.wikipedia.org/wiki/Badan_hukum,1,https://id.wikipedia.org/wiki/Bank_Indonesia
1,30,https://id.wikipedia.org/wiki/Publik,1,https://id.wikipedia.org/wiki/Bank_Indonesia
1,31,https://id.wikipedia.org/wiki/Pengadilan,1,https://id.wikipedia.org/wiki/Bank_Indonesia
1,32,https://id.wikipedia.org/wiki/Bank_sentral,1,https://id.wikipedia.org/wiki/Bank_Indonesia
1,33,https://id.wikipedia.org/wiki/Rupiah,1,https://id.wikipedia.org/wiki/Bank_Indonesia
1,34,https://id.wikipedia.org/wiki/Mata_uang,1,https://id.wikipedia.org/wiki/Bank_Indonesia
1,35,https://id.wikipedia.org/wiki/Inflasi,1,https://id.wikipedia.org/wiki/Bank_Indonesia
1,36,https://id.wikipedia.org/wiki/Pilar,1,https://id.wikipedia.org/wiki/Bank_Indonesia
1,37,https://id.wikipedia.org/wiki/Moneter,1,https://id.wikipedia.org/wiki/Bank_Indonesia
1,38,https://id.wikipedia.org/wiki/Lembaga,1,https://id.wikipedia.org/wiki/Bank_Indonesia
1,39,https://id.wikipedia.org/wiki/Bank,1,https://id.wikipedia.org/wiki/Bank_Indonesia
1,40,https://id.wikipedia.org/wiki/Analisis,1,https://id.wikipedia.org/wiki/Bank_Indonesia
1,41,https://id.wikipedia.org/wiki/Masyarakat,1,https://id.wikipedia.org/wiki/Bank_Indonesia
1,42,https://id.wikipedia.org/wiki/Ekonomi,1,https://id.wikipedia.org/wiki/Bank_Indonesia
1,43,https://id.wikipedia.org/wiki/Perbankan,1,https://id.wikipedia.org/wiki/Bank_Indonesia
1,44,https://id.wikipedia.org/wiki/Kredit,1,https://id.wikipedia.org/wiki/Bank_Indonesia
1,45,https://id.wikipedia.org/wiki/Moneter,1,https://id.wikipedia.org/wiki/Bank_Indonesia
1,46,https://id.wikipedia.org/wiki/Sanering,1,https://id.wikipedia.org/wiki/Bank_Indonesia
1,47,https://id.wikipedia.org/wiki/Nilai_tukar,1,https://id.wikipedia.org/wiki/Bank_Indonesia
1,48,https://id.wikipedia.org/wiki/Infrastruktur,1,https://id.wikipedia.org/wiki/Bank_Indonesia
1,49,https://id.wikipedia.org/wiki/Transmisi,1,https://id.wikipedia.org/wiki/Bank_Indonesia
1,50,https://id.wikipedia.org/wiki/Bank_sentral,1,https://id.wikipedia.org/wiki/Bank_Indonesia
1,51,https://id.wikipedia.org/wiki/Kliring,1,https://id.wikipedia.org/wiki/Bank_Indonesia
1,52,https://id.wikipedia.org/wiki/Indonesia,1,https://id.wikipedia.org/wiki/Bank_Indonesia
1,53,https://id.wikipedia.org/wiki/Kliring,1,https://id.wikipedia.org/wiki/Bank_Indonesia
1,54,https://id.wikipedia.org/wiki/Nominal,1,https://id.wikipedia.org/wiki/Bank_Indonesia
1,55,https://id.wikipedia.org/wiki/Distribusi,1,https://id.wikipedia.org/wiki/Bank_Indonesia
1,56,https://id.wikipedia.org/wiki/Angkutan,1,https://id.wikipedia.org/wiki/Bank_Indonesia
1,57,https://id.wikipedia.org/wiki/Darat,1,https://id.wikipedia.org/wiki/Bank_Indonesia
1,58,https://id.wikipedia.org/wiki/Laut,1,https://id.wikipedia.org/wiki/Bank_Indonesia
1,59,https://id.wikipedia.org/wiki/Udara,1,https://id.wikipedia.org/wiki/Bank_Indonesia
1,60,https://id.wikipedia.org/wiki/Uang,1,https://id.wikipedia.org/wiki/Bank_Indonesia
1,61,https://id.wikipedia.org/wiki/Uang,1,https://id.wikipedia.org/wiki/Bank_Indonesia
1,62,https://id.wikipedia.org/wiki/Daftar_Gubernur_BI,1,https://id.wikipedia.org/wiki/Bank_Indonesia
1,63,https://id.wikipedia.org/wiki/Daftar_Gubernur_BI,1,https://id.wikipedia.org/wiki/Bank_Indonesia
1,64,https://id.wikipedia.org/wiki/Presiden,1,https://id.wikipedia.org/wiki/Bank_Indonesia
1,65,https://id.wikipedia.org/wiki/DPR,1,https://id.wikipedia.org/wiki/Bank_Indonesia
1,66,https://id.wikipedia.org/wiki/Presiden,1,https://id.wikipedia.org/wiki/Bank_Indonesia
1,67,https://id.wikipedia.org/wiki/DPR,1,https://id.wikipedia.org/wiki/Bank_Indonesia
1,68,https://id.wikipedia.org/wiki/Presiden,1,https://id.wikipedia.org/wiki/Bank_Indonesia
1,69,https://id.wikipedia.org/wiki/Moneter,1,https://id.wikipedia.org/wiki/Bank_Indonesia
1,70,https://id.wikipedia.org/wiki/Daftar_Gubernur_Bank_Indonesia,1,https://id.wikipedia.org/wiki/Bank_Indonesia
1,71,https://id.wikipedia.org/wiki/Perry_Warjiyo,1,https://id.wikipedia.org/wiki/Bank_Indonesia
1,72,https://id.wikipedia.org/wiki/Agus_Martowardojo,1,https://id.wikipedia.org/wiki/Bank_Indonesia
1,73,https://id.wikipedia.org/wiki/Darmin_Nasution,1,https://id.wikipedia.org/wiki/Bank_Indonesia
1,74,https://id.wikipedia.org/wiki/Darmin_Nasution,1,https://id.wikipedia.org/wiki/Bank_Indonesia
1,75,https://id.wikipedia.org/wiki/Miranda_Gultom,1,https://id.wikipedia.org/wiki/Bank_Indonesia
1,76,https://id.wikipedia.org/wiki/Boediono,1,https://id.wikipedia.org/wiki/Bank_Indonesia
1,77,https://id.wikipedia.org/wiki/Burhanuddin_Abdullah,1,https://id.wikipedia.org/wiki/Bank_Indonesia
1,78,https://id.wikipedia.org/wiki/Syahril_Sabirin,1,https://id.wikipedia.org/wiki/Bank_Indonesia
1,79,https://id.wikipedia.org/wiki/Sudrajad_Djiwandono,1,https://id.wikipedia.org/wiki/Bank_Indonesia
1,80,https://id.wikipedia.org/wiki/Adrianus_Mooy,1,https://id.wikipedia.org/wiki/Bank_Indonesia
1,81,https://id.wikipedia.org/wiki/Arifin_Siregar,1,https://id.wikipedia.org/wiki/Bank_Indonesia
1,82,https://id.wikipedia.org/wiki/Rachmat_Saleh,1,https://id.wikipedia.org/wiki/Bank_Indonesia
1,83,https://id.wikipedia.org/wiki/Radius_Prawiro,1,https://id.wikipedia.org/wiki/Bank_Indonesia
1,84,https://id.wikipedia.org/wiki/T._Jusuf_Muda_Dalam,1,https://id.wikipedia.org/wiki/Bank_Indonesia
1,85,https://id.wikipedia.org/wiki/Soemarno_(menteri),1,https://id.wikipedia.org/wiki/Bank_Indonesia
1,86,https://id.wikipedia.org/wiki/Soetikno_Slamet,1,https://id.wikipedia.org/wiki/Bank_Indonesia
1,87,https://id.wikipedia.org/wiki/Sjafruddin_Prawiranegara,1,https://id.wikipedia.org/wiki/Bank_Indonesia
1,88,https://id.wikipedia.org/wiki/Sertifikat_Bank_Indonesia,1,https://id.wikipedia.org/wiki/Bank_Indonesia
1,89,https://id.wikipedia.org/wiki/Arsitektur_Perbankan_Indonesia,1,https://id.wikipedia.org/wiki/Bank_Indonesia
1,90,https://id.wikipedia.org/wiki/PPATK,1,https://id.wikipedia.org/wiki/Bank_Indonesia
1,91,https://id.wikipedia.org/wiki/LPS,1,https://id.wikipedia.org/wiki/Bank_Indonesia
1,92,https://id.wikipedia.org/wiki/Daftar_bank_di_Indonesia,1,https://id.wikipedia.org/wiki/Bank_Indonesia
1,93,https://id.wikipedia.org/wiki/Bank_di_Indonesia,1,https://id.wikipedia.org/wiki/Bank_Indonesia
1,94,https://id.wikipedia.org/wiki/Bank_Mandiri,1,https://id.wikipedia.org/wiki/Bank_Indonesia
1,95,https://id.wikipedia.org/wiki/Bank_Negara_Indonesia,1,https://id.wikipedia.org/wiki/Bank_Indonesia
1,96,https://id.wikipedia.org/wiki/Bank_Rakyat_Indonesia,1,https://id.wikipedia.org/wiki/Bank_Indonesia
1,97,https://id.wikipedia.org/wiki/Bank_Tabungan_Negara,1,https://id.wikipedia.org/wiki/Bank_Indonesia
1,98,https://id.wikipedia.org/wiki/Bank_BRI_Agroniaga,1,https://id.wikipedia.org/wiki/Bank_Indonesia
1,99,https://id.wikipedia.org/wiki/Bank_Mandiri_Taspen,1,https://id.wikipedia.org/wiki/Bank_Indonesia
1,100,https://id.wikipedia.org/wiki/Bank_Artha_Graha_Internasional,1,https://id.wikipedia.org/wiki/Bank_Indonesia
1,101,https://id.wikipedia.org/wiki/Bank_Bukopin,1,https://id.wikipedia.org/wiki/Bank_Indonesia
1,102,https://id.wikipedia.org/wiki/Bank_Bumi_Arta,1,https://id.wikipedia.org/wiki/Bank_Indonesia
1,103,https://id.wikipedia.org/wiki/Bank_Capital_Indonesia,1,https://id.wikipedia.org/wiki/Bank_Indonesia
1,104,https://id.wikipedia.org/wiki/Bank_CCB_Indonesia,1,https://id.wikipedia.org/wiki/Bank_Indonesia
1,105,https://id.wikipedia.org/wiki/Bank_Central_Asia,1,https://id.wikipedia.org/wiki/Bank_Indonesia
1,106,https://id.wikipedia.org/wiki/Bank_CIMB_Niaga,1,https://id.wikipedia.org/wiki/Bank_Indonesia
1,107,https://id.wikipedia.org/wiki/Bank_Danamon_Indonesia,1,https://id.wikipedia.org/wiki/Bank_Indonesia
1,108,https://id.wikipedia.org/wiki/Bank_Ganesha,1,https://id.wikipedia.org/wiki/Bank_Indonesia
1,109,https://id.wikipedia.org/wiki/Bank_HSBC_Indonesia,1,https://id.wikipedia.org/wiki/Bank_Indonesia
1,110,https://id.wikipedia.org/wiki/Bank_ICBC_Indonesia,1,https://id.wikipedia.org/wiki/Bank_Indonesia
1,111,https://id.wikipedia.org/wiki/Bank_J_Trust_Indonesia,1,https://id.wikipedia.org/wiki/Bank_Indonesia
1,112,https://id.wikipedia.org/wiki/Bank_KEB_Hana,1,https://id.wikipedia.org/wiki/Bank_Indonesia
1,113,https://id.wikipedia.org/wiki/Bank_Maspion,1,https://id.wikipedia.org/wiki/Bank_Indonesia
1,114,https://id.wikipedia.org/wiki/Bank_Mayapada,1,https://id.wikipedia.org/wiki/Bank_Indonesia
1,115,https://id.wikipedia.org/wiki/Bank_Maybank_Indonesia,1,https://id.wikipedia.org/wiki/Bank_Indonesia
1,116,https://id.wikipedia.org/wiki/Bank_Mega,1,https://id.wikipedia.org/wiki/Bank_Indonesia
1,117,https://id.wikipedia.org/wiki/Bank_Mestika_Dharma,1,https://id.wikipedia.org/wiki/Bank_Indonesia
1,118,https://id.wikipedia.org/wiki/Bank_Metro_Express,1,https://id.wikipedia.org/wiki/Bank_Indonesia
1,119,https://id.wikipedia.org/wiki/Bank_MNC_Internasional,1,https://id.wikipedia.org/wiki/Bank_Indonesia
1,120,https://id.wikipedia.org/wiki/Bank_Nusantara_Parahyangan,1,https://id.wikipedia.org/wiki/Bank_Indonesia
1,121,https://id.wikipedia.org/wiki/Bank_OCBC_NISP,1,https://id.wikipedia.org/wiki/Bank_Indonesia
1,122,https://id.wikipedia.org/wiki/Bank_of_India_Indonesia,1,https://id.wikipedia.org/wiki/Bank_Indonesia
1,123,https://id.wikipedia.org/wiki/Panin_Bank,1,https://id.wikipedia.org/wiki/Bank_Indonesia
1,124,https://id.wikipedia.org/wiki/Bank_Permata,1,https://id.wikipedia.org/wiki/Bank_Indonesia
1,125,https://id.wikipedia.org/wiki/Bank_QNB_Indonesia,1,https://id.wikipedia.org/wiki/Bank_Indonesia
1,126,https://id.wikipedia.org/wiki/Bank_SBI_Indonesia,1,https://id.wikipedia.org/wiki/Bank_Indonesia
1,127,https://id.wikipedia.org/wiki/Bank_Sinarmas,1,https://id.wikipedia.org/wiki/Bank_Indonesia
1,128,https://id.wikipedia.org/wiki/Bank_UOB_Indonesia,1,https://id.wikipedia.org/wiki/Bank_Indonesia
1,129,https://id.wikipedia.org/wiki/Bank_Woori_Saudara,1,https://id.wikipedia.org/wiki/Bank_Indonesia
1,130,https://id.wikipedia.org/wiki/Bank_Jambi,1,https://id.wikipedia.org/wiki/Bank_Indonesia
1,131,https://id.wikipedia.org/wiki/Bank_Kalsel,1,https://id.wikipedia.org/wiki/Bank_Indonesia
1,132,https://id.wikipedia.org/wiki/Bankaltim,1,https://id.wikipedia.org/wiki/Bank_Indonesia
1,133,https://id.wikipedia.org/wiki/Bank_Sultra,1,https://id.wikipedia.org/wiki/Bank_Indonesia
1,134,https://id.wikipedia.org/wiki/Bank_BPD_DIY,1,https://id.wikipedia.org/wiki/Bank_Indonesia
1,135,https://id.wikipedia.org/wiki/Bank_Nagari,1,https://id.wikipedia.org/wiki/Bank_Indonesia
1,136,https://id.wikipedia.org/wiki/Bank_DKI,1,https://id.wikipedia.org/wiki/Bank_Indonesia
1,137,https://id.wikipedia.org/wiki/Bank_Lampung,1,https://id.wikipedia.org/wiki/Bank_Indonesia
1,138,https://id.wikipedia.org/wiki/Bank_Kalteng,1,https://id.wikipedia.org/wiki/Bank_Indonesia
1,139,https://id.wikipedia.org/wiki/Bank_Aceh,1,https://id.wikipedia.org/wiki/Bank_Indonesia
1,140,https://id.wikipedia.org/wiki/Bank_Sulsel,1,https://id.wikipedia.org/wiki/Bank_Indonesia
1,141,https://id.wikipedia.org/wiki/Bank_BJB,1,https://id.wikipedia.org/wiki/Bank_Indonesia
1,142,https://id.wikipedia.org/wiki/Bank_Kalbar,1,https://id.wikipedia.org/wiki/Bank_Indonesia
1,143,https://id.wikipedia.org/wiki/Bank_Maluku,1,https://id.wikipedia.org/wiki/Bank_Indonesia
1,144,https://id.wikipedia.org/wiki/Bank_Bengkulu,1,https://id.wikipedia.org/wiki/Bank_Indonesia
1,145,https://id.wikipedia.org/wiki/Bank_Jateng,1,https://id.wikipedia.org/wiki/Bank_Indonesia
1,146,https://id.wikipedia.org/wiki/Bank_Jatim,1,https://id.wikipedia.org/wiki/Bank_Indonesia
1,147,https://id.wikipedia.org/wiki/Bank_NTB,1,https://id.wikipedia.org/wiki/Bank_Indonesia
1,148,https://id.wikipedia.org/wiki/Bank_NTT,1,https://id.wikipedia.org/wiki/Bank_Indonesia
1,149,https://id.wikipedia.org/wiki/Bank_Sulteng,1,https://id.wikipedia.org/wiki/Bank_Indonesia
1,150,https://id.wikipedia.org/wiki/Bank_Sulut,1,https://id.wikipedia.org/wiki/Bank_Indonesia
1,151,https://id.wikipedia.org/wiki/Bank_BPD_Bali,1,https://id.wikipedia.org/wiki/Bank_Indonesia
1,152,https://id.wikipedia.org/wiki/Bank_Papua,1,https://id.wikipedia.org/wiki/Bank_Indonesia
1,153,https://id.wikipedia.org/wiki/Bank_Riau_Kepri,1,https://id.wikipedia.org/wiki/Bank_Indonesia
1,154,https://id.wikipedia.org/wiki/Bank_Sumsel_Babel,1,https://id.wikipedia.org/wiki/Bank_Indonesia
1,155,https://id.wikipedia.org/wiki/Bank_Sumut,1,https://id.wikipedia.org/wiki/Bank_Indonesia
1,156,https://id.wikipedia.org/wiki/Bank_Banten,1,https://id.wikipedia.org/wiki/Bank_Indonesia
1,157,https://id.wikipedia.org/wiki/Bank_ANZ_Indonesia,1,https://id.wikipedia.org/wiki/Bank_Indonesia
1,158,https://id.wikipedia.org/wiki/Bank_Commonwealth,1,https://id.wikipedia.org/wiki/Bank_Indonesia
1,159,https://id.wikipedia.org/wiki/Bank_Agris,1,https://id.wikipedia.org/wiki/Bank_Indonesia
1,160,https://id.wikipedia.org/wiki/Bank_BNP_Paribas_Indonesia,1,https://id.wikipedia.org/wiki/Bank_Indonesia
1,161,https://id.wikipedia.org/wiki/Bank_Capital_Indonesia,1,https://id.wikipedia.org/wiki/Bank_Indonesia
1,162,https://id.wikipedia.org/wiki/Bank_Chinatrust_Indonesia,1,https://id.wikipedia.org/wiki/Bank_Indonesia
1,163,https://id.wikipedia.org/wiki/Bank_DBS_Indonesia,1,https://id.wikipedia.org/wiki/Bank_Indonesia
1,164,https://id.wikipedia.org/wiki/Bank_Mizuho_Indonesia,1,https://id.wikipedia.org/wiki/Bank_Indonesia
1,165,https://id.wikipedia.org/wiki/Bank_Rabobank_International_Indonesia,1,https://id.wikipedia.org/wiki/Bank_Indonesia
1,166,https://id.wikipedia.org/wiki/Bank_Resona_Perdania,1,https://id.wikipedia.org/wiki/Bank_Indonesia
1,167,https://id.wikipedia.org/wiki/Bank_Sumitomo_Mitsui_Indonesia,1,https://id.wikipedia.org/wiki/Bank_Indonesia
1,168,https://id.wikipedia.org/wiki/Bank_Windu_Kentjana_International,1,https://id.wikipedia.org/wiki/Bank_Indonesia
1,169,https://id.wikipedia.org/wiki/Bank_of_America,1,https://id.wikipedia.org/wiki/Bank_Indonesia
1,170,https://id.wikipedia.org/wiki/Bangkok_Bank,1,https://id.wikipedia.org/wiki/Bank_Indonesia
1,171,https://id.wikipedia.org/wiki/Bank_of_China,1,https://id.wikipedia.org/wiki/Bank_Indonesia
1,172,https://id.wikipedia.org/wiki/Citibank,1,https://id.wikipedia.org/wiki/Bank_Indonesia
1,173,https://id.wikipedia.org/wiki/Deutsche_Bank#Cabang_Indonesia,1,https://id.wikipedia.org/wiki/Bank_Indonesia
1,174,https://id.wikipedia.org/wiki/MUFG_Bank,1,https://id.wikipedia.org/wiki/Bank_Indonesia
1,175,https://id.wikipedia.org/wiki/JPMorgan_Chase,1,https://id.wikipedia.org/wiki/Bank_Indonesia
1,176,https://id.wikipedia.org/wiki/Standard_Chartered,1,https://id.wikipedia.org/wiki/Bank_Indonesia
1,177,https://id.wikipedia.org/wiki/Bank_BNI_Syariah,1,https://id.wikipedia.org/wiki/Bank_Indonesia
1,178,https://id.wikipedia.org/wiki/Bank_BRI_Syariah,1,https://id.wikipedia.org/wiki/Bank_Indonesia
1,179,https://id.wikipedia.org/wiki/Bank_Syariah_Mandiri,1,https://id.wikipedia.org/wiki/Bank_Indonesia
1,180,https://id.wikipedia.org/wiki/BCA_Syariah,1,https://id.wikipedia.org/wiki/Bank_Indonesia
1,181,https://id.wikipedia.org/wiki/Bank_Muamalat_Indonesia,1,https://id.wikipedia.org/wiki/Bank_Indonesia
1,182,https://id.wikipedia.org/wiki/Bank_Mega_Syariah,1,https://id.wikipedia.org/wiki/Bank_Indonesia
1,183,https://id.wikipedia.org/wiki/Panin_Bank_Syariah,1,https://id.wikipedia.org/wiki/Bank_Indonesia
1,184,https://id.wikipedia.org/wiki/Bank_Syariah_Bukopin,1,https://id.wikipedia.org/wiki/Bank_Indonesia
1,185,https://id.wikipedia.org/wiki/Bank_Tabungan_Pensiunan_Negara_Syariah,1,https://id.wikipedia.org/wiki/Bank_Indonesia
1,186,https://id.wikipedia.org/wiki/Bank_Victoria_Syariah,1,https://id.wikipedia.org/wiki/Bank_Indonesia
1,187,https://id.wikipedia.org/wiki/Bank_BJB_Syariah,1,https://id.wikipedia.org/wiki/Bank_Indonesia
1,188,https://id.wikipedia.org/wiki/Bank_Maybank_Indonesia,1,https://id.wikipedia.org/wiki/Bank_Indonesia
1,189,https://id.wikipedia.org/wiki/Bank_CIMB_Niaga,1,https://id.wikipedia.org/wiki/Bank_Indonesia
1,190,https://id.wikipedia.org/wiki/Bank_BTN_Syariah,1,https://id.wikipedia.org/wiki/Bank_Indonesia
1,191,https://id.wikipedia.org/wiki/OCBC_NISP_Syariah,1,https://id.wikipedia.org/wiki/Bank_Indonesia
1,192,https://id.wikipedia.org/wiki/Bank_Nagari_Syariah,1,https://id.wikipedia.org/wiki/Bank_Indonesia
1,193,https://id.wikipedia.org/wiki/Bank_Riau_Kepri_Syariah,1,https://id.wikipedia.org/wiki/Bank_Indonesia
1,194,https://id.wikipedia.org/wiki/Bank_Perkreditan_Rakyat,1,https://id.wikipedia.org/wiki/Bank_Indonesia
1,195,https://id.wikipedia.org/wiki/Bank_Indonesia,1,https://id.wikipedia.org/wiki/Bank_Indonesia
1,196,https://id.wikipedia.org/wiki/Halaman_Utama,1,https://id.wikipedia.org/wiki/Bank_Indonesia
1,197,https://id.wikipedia.org/wiki/Halaman_Utama,1,https://id.wikipedia.org/wiki/Bank_Indonesia
2,1,https://id.wikipedia.org/wiki/Indonesia,2,https://id.wikipedia.org/wiki/Bahasa_Indonesia
2,2,https://id.wikipedia.org/wiki/Timor_Leste,2,https://id.wikipedia.org/wiki/Bahasa_Indonesia
2,3,https://id.wikipedia.org/wiki/Bahasa_kerja,2,https://id.wikipedia.org/wiki/Bahasa_Indonesia
2,4,https://id.wikipedia.org/wiki/Rumpun_bahasa,2,https://id.wikipedia.org/wiki/Bahasa_Indonesia
2,5,https://id.wikipedia.org/wiki/Rumpun_bahasa_Austronesia,2,https://id.wikipedia.org/wiki/Bahasa_Indonesia
2,6,https://id.wikipedia.org/wiki/Rumpun_bahasa_Melayu-Polinesia,2,https://id.wikipedia.org/wiki/Bahasa_Indonesia
2,7,https://id.wikipedia.org/wiki/Rumpun_bahasa_Melayu%E2%80%93Sumbawa,2,https://id.wikipedia.org/wiki/Bahasa_Indonesia
2,8,https://id.wikipedia.org/wiki/Bahasa_Melayik,2,https://id.wikipedia.org/wiki/Bahasa_Indonesia
2,9,https://id.wikipedia.org/wiki/Bahasa_Melayu,2,https://id.wikipedia.org/wiki/Bahasa_Indonesia
2,10,https://id.wikipedia.org/wiki/Melayu_Riau#Bahasa,2,https://id.wikipedia.org/wiki/Bahasa_Indonesia
2,11,https://id.wikipedia.org/wiki/Sistem_penulisan,2,https://id.wikipedia.org/wiki/Bahasa_Indonesia
2,12,https://id.wikipedia.org/wiki/Alfabet_Latin,2,https://id.wikipedia.org/wiki/Bahasa_Indonesia
2,13,https://id.wikipedia.org/wiki/Alfabet_Bahasa_Indonesia,2,https://id.wikipedia.org/wiki/Bahasa_Indonesia
2,14,https://id.wikipedia.org/wiki/Braille,2,https://id.wikipedia.org/wiki/Bahasa_Indonesia
2,15,https://id.wikipedia.org/wiki/Indonesia,2,https://id.wikipedia.org/wiki/Bahasa_Indonesia
2,16,https://id.wikipedia.org/wiki/Timor_Leste,2,https://id.wikipedia.org/wiki/Bahasa_Indonesia
2,17,https://id.wikipedia.org/wiki/ASEAN,2,https://id.wikipedia.org/wiki/Bahasa_Indonesia
2,18,https://id.wikipedia.org/wiki/Daftar_pengatur_bahasa,2,https://id.wikipedia.org/wiki/Bahasa_Indonesia
2,19,https://id.wikipedia.org/wiki/Badan_Pengembangan_dan_Pembinaan_Bahasa,2,https://id.wikipedia.org/wiki/Bahasa_Indonesia
2,20,https://id.wikipedia.org/wiki/ISO_639-1,2,https://id.wikipedia.org/wiki/Bahasa_Indonesia
2,21,https://id.wikipedia.org/wiki/ISO_639-2,2,https://id.wikipedia.org/wiki/Bahasa_Indonesia
2,22,https://id.wikipedia.org/wiki/ISO_639-3,2,https://id.wikipedia.org/wiki/Bahasa_Indonesia
2,1,https://id.wikipedia.org/wiki/Moneter,3,https://id.wikipedia.org/wiki/Bank_Sentral
2,23,https://id.wikipedia.org/wiki/Bahasa_standar,3,https://id.wikipedia.org/wiki/Bahasa_Indonesia
2,24,https://id.wikipedia.org/wiki/Bahasa_Melayu,3,https://id.wikipedia.org/wiki/Bahasa_Indonesia
2,25,https://id.wikipedia.org/wiki/Bahasa,3,https://id.wikipedia.org/wiki/Bahasa_Indonesia
2,26,https://id.wikipedia.org/wiki/Bahasa_resmi,3,https://id.wikipedia.org/wiki/Bahasa_Indonesia
2,27,https://id.wikipedia.org/wiki/Republik_Indonesia,3,https://id.wikipedia.org/wiki/Bahasa_Indonesia
2,2,https://id.wikipedia.org/wiki/Mata_uang,3,https://id.wikipedia.org/wiki/Bank_Sentral
2,3,https://id.wikipedia.org/wiki/Indonesia,3,https://id.wikipedia.org/wiki/Bank_Sentral
2,4,https://id.wikipedia.org/wiki/Bank_Indonesia,3,https://id.wikipedia.org/wiki/Bank_Sentral
2,28,https://id.wikipedia.org/wiki/Daftar_bahasa_di_Indonesia,3,https://id.wikipedia.org/wiki/Bahasa_Indonesia
2,5,https://id.wikipedia.org/wiki/Institusi,3,https://id.wikipedia.org/wiki/Bank_Sentral
2,6,https://id.wikipedia.org/wiki/Harga,3,https://id.wikipedia.org/wiki/Bank_Sentral
2,7,https://id.wikipedia.org/wiki/Uang,3,https://id.wikipedia.org/wiki/Bank_Sentral
2,8,https://id.wikipedia.org/wiki/Negara,3,https://id.wikipedia.org/wiki/Bank_Sentral
2,9,https://id.wikipedia.org/wiki/Inflasi,3,https://id.wikipedia.org/wiki/Bank_Sentral
2,29,https://id.wikipedia.org/wiki/Orang_Indonesia,3,https://id.wikipedia.org/wiki/Bahasa_Indonesia
2,30,https://id.wikipedia.org/wiki/Proklamasi_Kemerdekaan_Indonesia,3,https://id.wikipedia.org/wiki/Bahasa_Indonesia
2,31,https://id.wikipedia.org/wiki/UUD_1945,3,https://id.wikipedia.org/wiki/Bahasa_Indonesia
2,10,https://id.wikipedia.org/wiki/Indonesia,3,https://id.wikipedia.org/wiki/Bank_Sentral
2,32,https://id.wikipedia.org/wiki/Timor_Leste,3,https://id.wikipedia.org/wiki/Bahasa_Indonesia
2,33,https://id.wikipedia.org/wiki/Bahasa_kerja,3,https://id.wikipedia.org/wiki/Bahasa_Indonesia
2,34,https://id.wikipedia.org/wiki/Linguistik,3,https://id.wikipedia.org/wiki/Bahasa_Indonesia
2,11,https://id.wikipedia.org/wiki/Bank_Indonesia,3,https://id.wikipedia.org/wiki/Bank_Sentral
2,35,https://id.wikipedia.org/wiki/Ragam_bahasa,3,https://id.wikipedia.org/wiki/Bahasa_Indonesia
2,36,https://id.wikipedia.org/wiki/Bahasa_Melayu,3,https://id.wikipedia.org/wiki/Bahasa_Indonesia
2,37,https://id.wikipedia.org/wiki/Kepulauan_Riau,3,https://id.wikipedia.org/wiki/Bahasa_Indonesia
2,38,https://id.wikipedia.org/wiki/Sumpah_Pemuda,3,https://id.wikipedia.org/wiki/Bahasa_Indonesia
2,12,https://id.wikipedia.org/wiki/Federal_Reserve_System,3,https://id.wikipedia.org/wiki/Bank_Sentral
2,13,https://id.wikipedia.org/wiki/Amerika_Serikat,3,https://id.wikipedia.org/wiki/Bank_Sentral
2,14,https://id.wikipedia.org/wiki/Uang,3,https://id.wikipedia.org/wiki/Bank_Sentral
2,15,https://id.wikipedia.org/wiki/Uang_logam,3,https://id.wikipedia.org/wiki/Bank_Sentral
2,39,https://id.wikipedia.org/wiki/Semenanjung_Malaya,3,https://id.wikipedia.org/wiki/Bahasa_Indonesia
2,40,https://id.wikipedia.org/wiki/Bahasa_daerah,3,https://id.wikipedia.org/wiki/Bahasa_Indonesia
2,41,https://id.wikipedia.org/wiki/Bahasa_asing,3,https://id.wikipedia.org/wiki/Bahasa_Indonesia
2,1,https://id.wikipedia.org/wiki/Bahasa_Inggris,4,https://id.wikipedia.org/wiki/Jenis_entitas_bisnis
2,16,https://id.wikipedia.org/wiki/Emas,4,https://id.wikipedia.org/wiki/Bank_Sentral
2,17,https://id.wikipedia.org/wiki/Perak,4,https://id.wikipedia.org/wiki/Bank_Sentral
2,42,https://id.wikipedia.org/wiki/Bahasa_ibu,4,https://id.wikipedia.org/wiki/Bahasa_Indonesia
2,43,https://id.wikipedia.org/wiki/Daftar_bahasa_di_Indonesia,4,https://id.wikipedia.org/wiki/Bahasa_Indonesia
2,44,https://id.wikipedia.org/wiki/Bahasa_ibu,4,https://id.wikipedia.org/wiki/Bahasa_Indonesia
2,45,https://id.wikipedia.org/wiki/Fonologi,4,https://id.wikipedia.org/wiki/Bahasa_Indonesia
2,2,https://id.wikipedia.org/wiki/Perusahaan_perorangan,4,https://id.wikipedia.org/wiki/Jenis_entitas_bisnis
2,3,https://id.wikipedia.org/wiki/Firma,4,https://id.wikipedia.org/wiki/Jenis_entitas_bisnis
2,4,https://id.wikipedia.org/wiki/Persekutuan_komanditer,4,https://id.wikipedia.org/wiki/Jenis_entitas_bisnis
2,5,https://id.wikipedia.org/wiki/Perusahaan_umum,4,https://id.wikipedia.org/wiki/Jenis_entitas_bisnis
2,18,https://id.wikipedia.org/wiki/Perunggu,4,https://id.wikipedia.org/wiki/Bank_Sentral
2,19,https://id.wikipedia.org/wiki/Gram,4,https://id.wikipedia.org/wiki/Bank_Sentral
2,46,https://id.wikipedia.org/wiki/Tata_bahasa,4,https://id.wikipedia.org/wiki/Bahasa_Indonesia
2,47,https://id.wikipedia.org/wiki/Bahasa_Melayu#Sejarah,4,https://id.wikipedia.org/wiki/Bahasa_Indonesia
2,6,https://id.wikipedia.org/wiki/Perseroan_terbatas,4,https://id.wikipedia.org/wiki/Jenis_entitas_bisnis
2,7,https://id.wikipedia.org/wiki/Perusahaan_tertutup,4,https://id.wikipedia.org/wiki/Jenis_entitas_bisnis
2,20,https://id.wikipedia.org/wiki/Barter,4,https://id.wikipedia.org/wiki/Bank_Sentral
2,21,https://id.wikipedia.org/wiki/Manusia,4,https://id.wikipedia.org/wiki/Bank_Sentral
2,48,https://id.wikipedia.org/wiki/Austronesia,4,https://id.wikipedia.org/wiki/Bahasa_Indonesia
2,49,https://id.wikipedia.org/wiki/Bahasa-bahasa_Sunda-Sulawesi,4,https://id.wikipedia.org/wiki/Bahasa_Indonesia
2,8,https://id.wikipedia.org/wiki/Perusahaan_terbuka,4,https://id.wikipedia.org/wiki/Jenis_entitas_bisnis
2,9,https://id.wikipedia.org/wiki/Persero,4,https://id.wikipedia.org/wiki/Jenis_entitas_bisnis
2,22,https://id.wikipedia.org/wiki/Uang_kertas,4,https://id.wikipedia.org/wiki/Bank_Sentral
2,23,https://id.wikipedia.org/wiki/Bank,4,https://id.wikipedia.org/wiki/Bank_Sentral
2,24,https://id.wikipedia.org/wiki/Emas,4,https://id.wikipedia.org/wiki/Bank_Sentral
2,25,https://id.wikipedia.org/wiki/Uang_logam,4,https://id.wikipedia.org/wiki/Bank_Sentral
2,26,https://id.wikipedia.org/wiki/Nasabah,4,https://id.wikipedia.org/wiki/Bank_Sentral
2,50,https://id.wikipedia.org/wiki/Lingua_franca,4,https://id.wikipedia.org/wiki/Bahasa_Indonesia
2,51,https://id.wikipedia.org/wiki/Nusantara,4,https://id.wikipedia.org/wiki/Bahasa_Indonesia
2,52,https://id.wikipedia.org/wiki/Kalender_Masehi,4,https://id.wikipedia.org/wiki/Bahasa_Indonesia
2,53,https://id.wikipedia.org/wiki/Sriwijaya,4,https://id.wikipedia.org/wiki/Bahasa_Indonesia
2,10,https://id.wikipedia.org/wiki/Yayasan,4,https://id.wikipedia.org/wiki/Jenis_entitas_bisnis
2,11,https://id.wikipedia.org/wiki/Aktiengesellschaft,4,https://id.wikipedia.org/wiki/Jenis_entitas_bisnis
2,27,https://id.wikipedia.org/wiki/Masyarakat,4,https://id.wikipedia.org/wiki/Bank_Sentral
2,28,https://id.wikipedia.org/wiki/Masyarakat,4,https://id.wikipedia.org/wiki/Bank_Sentral
2,54,https://id.wikipedia.org/wiki/Kerajaan_Sriwijaya,4,https://id.wikipedia.org/wiki/Bahasa_Indonesia
2,55,https://id.wikipedia.org/wiki/Bahasa_Melayu_Kuno,4,https://id.wikipedia.org/wiki/Bahasa_Indonesia
2,12,https://id.wikipedia.org/wiki/Naamloze_Vennootschap,4,https://id.wikipedia.org/wiki/Jenis_entitas_bisnis
2,13,https://id.wikipedia.org/wiki/Aktiengesellschaft,4,https://id.wikipedia.org/wiki/Jenis_entitas_bisnis
2,29,https://id.wikipedia.org/wiki/Negara,4,https://id.wikipedia.org/wiki/Bank_Sentral
2,30,https://id.wikipedia.org/wiki/Emas,4,https://id.wikipedia.org/wiki/Bank_Sentral
2,56,https://id.wikipedia.org/wiki/Prasasti,4,https://id.wikipedia.org/wiki/Bahasa_Indonesia
2,14,https://id.wikipedia.org/wiki/Aktiengesellschaft,4,https://id.wikipedia.org/wiki/Jenis_entitas_bisnis
2,15,https://id.wikipedia.org/wiki/Selandia_Baru,4,https://id.wikipedia.org/wiki/Jenis_entitas_bisnis
2,16,https://id.wikipedia.org/wiki/Jenis_badan_usaha,4,https://id.wikipedia.org/wiki/Jenis_entitas_bisnis
2,17,https://id.wikipedia.org/wiki/Halaman_Utama,4,https://id.wikipedia.org/wiki/Jenis_entitas_bisnis
2,31,https://id.wikipedia.org/wiki/Uang_logam,4,https://id.wikipedia.org/wiki/Bank_Sentral
2,32,https://id.wikipedia.org/wiki/Industri,4,https://id.wikipedia.org/wiki/Bank_Sentral
2,33,https://id.wikipedia.org/wiki/Emas,4,https://id.wikipedia.org/wiki/Bank_Sentral
2,34,https://id.wikipedia.org/wiki/Logam,4,https://id.wikipedia.org/wiki/Bank_Sentral
2,57,https://id.wikipedia.org/wiki/Bahasa_Sanskerta,4,https://id.wikipedia.org/wiki/Bahasa_Indonesia
2,58,https://id.wikipedia.org/wiki/Rumpun_bahasa_Indo-Eropa,4,https://id.wikipedia.org/wiki/Bahasa_Indonesia
2,18,https://id.wikipedia.org/wiki/Halaman_Utama,4,https://id.wikipedia.org/wiki/Jenis_entitas_bisnis
2,35,https://id.wikipedia.org/wiki/Ekonomi,4,https://id.wikipedia.org/wiki/Bank_Sentral
2,36,https://id.wikipedia.org/wiki/Barang,4,https://id.wikipedia.org/wiki/Bank_Sentral
2,59,https://id.wikipedia.org/wiki/Pulau_Jawa,4,https://id.wikipedia.org/wiki/Bahasa_Indonesia
2,60,https://id.wikipedia.org/wiki/Pulau_Luzon,4,https://id.wikipedia.org/wiki/Bahasa_Indonesia
2,37,https://id.wikipedia.org/wiki/Likuiditas,4,https://id.wikipedia.org/wiki/Bank_Sentral
2,38,https://id.wikipedia.org/wiki/Daftar_bank_sentral,4,https://id.wikipedia.org/wiki/Bank_Sentral
2,61,https://id.wikipedia.org/wiki/Kesultanan_Melaka,4,https://id.wikipedia.org/wiki/Bahasa_Indonesia
2,62,https://id.wikipedia.org/wiki/Sumatra,4,https://id.wikipedia.org/wiki/Bahasa_Indonesia
2,39,https://id.wikipedia.org/wiki/Bank_sentral,4,https://id.wikipedia.org/wiki/Bank_Sentral
2,40,https://id.wikipedia.org/wiki/Bank_sentral,4,https://id.wikipedia.org/wiki/Bank_Sentral
2,63,https://id.wikipedia.org/wiki/Jawa,4,https://id.wikipedia.org/wiki/Bahasa_Indonesia
2,64,https://id.wikipedia.org/wiki/Semenanjung_Malaya,4,https://id.wikipedia.org/wiki/Bahasa_Indonesia
2,65,https://id.wikipedia.org/wiki/Portugal,4,https://id.wikipedia.org/wiki/Bahasa_Indonesia
2,41,https://id.wikipedia.org/wiki/Halaman_Utama,4,https://id.wikipedia.org/wiki/Bank_Sentral
2,42,https://id.wikipedia.org/wiki/Halaman_Utama,4,https://id.wikipedia.org/wiki/Bank_Sentral
2,66,https://id.wikipedia.org/wiki/Tome_Pires,4,https://id.wikipedia.org/wiki/Bahasa_Indonesia
2,67,https://id.wikipedia.org/wiki/Magellan,4,https://id.wikipedia.org/wiki/Bahasa_Indonesia
2,68,https://id.wikipedia.org/wiki/Bahasa_Arab,4,https://id.wikipedia.org/wiki/Bahasa_Indonesia
2,69,https://id.wikipedia.org/wiki/Bahasa_Parsi,4,https://id.wikipedia.org/wiki/Bahasa_Indonesia
2,70,https://id.wikipedia.org/wiki/Jan_Huyghen_van_Linschoten,4,https://id.wikipedia.org/wiki/Bahasa_Indonesia
2,71,https://id.wikipedia.org/wiki/Alfred_Russel_Wallace,4,https://id.wikipedia.org/wiki/Bahasa_Indonesia
2,72,https://id.wikipedia.org/wiki/Bahasa_Portugis,4,https://id.wikipedia.org/wiki/Bahasa_Indonesia
2,73,https://id.wikipedia.org/wiki/Bahasa_Tionghoa,4,https://id.wikipedia.org/wiki/Bahasa_Indonesia
2,74,https://id.wikipedia.org/wiki/Manado,4,https://id.wikipedia.org/wiki/Bahasa_Indonesia
2,75,https://id.wikipedia.org/wiki/Kota_Ambon,4,https://id.wikipedia.org/wiki/Bahasa_Indonesia
2,76,https://id.wikipedia.org/wiki/Kupang,4,https://id.wikipedia.org/wiki/Bahasa_Indonesia
2,77,https://id.wikipedia.org/wiki/Batavia,4,https://id.wikipedia.org/wiki/Bahasa_Indonesia
2,78,https://id.wikipedia.org/wiki/Bahasa_Melayu_Pasar,4,https://id.wikipedia.org/wiki/Bahasa_Indonesia
2,79,https://id.wikipedia.org/wiki/Raja_Ali_Haji,4,https://id.wikipedia.org/wiki/Bahasa_Indonesia
2,80,https://id.wikipedia.org/wiki/Kesultanan_Riau-Johor,4,https://id.wikipedia.org/wiki/Bahasa_Indonesia
2,81,https://id.wikipedia.org/wiki/Kamus,4,https://id.wikipedia.org/wiki/Bahasa_Indonesia
2,82,https://id.wikipedia.org/wiki/Lingua_franca,4,https://id.wikipedia.org/wiki/Bahasa_Indonesia
2,83,https://id.wikipedia.org/wiki/Hindia_Belanda,4,https://id.wikipedia.org/wiki/Bahasa_Indonesia
2,84,https://id.wikipedia.org/wiki/Ejaan_Van_Ophuijsen,4,https://id.wikipedia.org/wiki/Bahasa_Indonesia
2,85,https://id.wikipedia.org/wiki/Persekutuan_Tanah_Melayu,4,https://id.wikipedia.org/wiki/Bahasa_Indonesia
2,86,https://id.wikipedia.org/wiki/Inggris,4,https://id.wikipedia.org/wiki/Bahasa_Indonesia
2,87,https://id.wikipedia.org/wiki/Van_Ophuijsen,4,https://id.wikipedia.org/wiki/Bahasa_Indonesia
2,88,https://id.wikipedia.org/wiki/Balai_Poestaka,4,https://id.wikipedia.org/wiki/Bahasa_Indonesia
2,89,https://id.wikipedia.org/wiki/D.A._Rinkes,4,https://id.wikipedia.org/wiki/Bahasa_Indonesia
2,90,https://id.wikipedia.org/wiki/Perpustakaan,4,https://id.wikipedia.org/wiki/Bahasa_Indonesia
2,91,https://id.wikipedia.org/wiki/Sumpah_Pemuda,4,https://id.wikipedia.org/wiki/Bahasa_Indonesia
2,92,https://id.wikipedia.org/wiki/28_Oktober,4,https://id.wikipedia.org/wiki/Bahasa_Indonesia
2,93,https://id.wikipedia.org/wiki/1928,4,https://id.wikipedia.org/wiki/Bahasa_Indonesia
2,94,https://id.wikipedia.org/wiki/Muhammad_Yamin,4,https://id.wikipedia.org/wiki/Bahasa_Indonesia
2,95,https://id.wikipedia.org/wiki/Minangkabau,4,https://id.wikipedia.org/wiki/Bahasa_Indonesia
2,96,https://id.wikipedia.org/wiki/Marah_Rusli,4,https://id.wikipedia.org/wiki/Bahasa_Indonesia
2,97,https://id.wikipedia.org/wiki/Abdul_Muis,4,https://id.wikipedia.org/wiki/Bahasa_Indonesia
2,98,https://id.wikipedia.org/wiki/Nur_Sutan_Iskandar,4,https://id.wikipedia.org/wiki/Bahasa_Indonesia
2,99,https://id.wikipedia.org/wiki/Sutan_Takdir_Alisyahbana,4,https://id.wikipedia.org/wiki/Bahasa_Indonesia
2,100,https://id.wikipedia.org/wiki/Hamka,4,https://id.wikipedia.org/wiki/Bahasa_Indonesia
2,101,https://id.wikipedia.org/wiki/Roestam_Effendi,4,https://id.wikipedia.org/wiki/Bahasa_Indonesia
2,102,https://id.wikipedia.org/wiki/Idrus,4,https://id.wikipedia.org/wiki/Bahasa_Indonesia
2,103,https://id.wikipedia.org/wiki/Chairil_Anwar,4,https://id.wikipedia.org/wiki/Bahasa_Indonesia
2,104,https://id.wikipedia.org/wiki/Sintaksis,4,https://id.wikipedia.org/wiki/Bahasa_Indonesia
2,105,https://id.wikipedia.org/wiki/Balai_Pustaka,4,https://id.wikipedia.org/wiki/Bahasa_Indonesia
2,106,https://id.wikipedia.org/wiki/Siti_Nurbaya,4,https://id.wikipedia.org/wiki/Bahasa_Indonesia
2,107,https://id.wikipedia.org/wiki/Salah_Asuhan,4,https://id.wikipedia.org/wiki/Bahasa_Indonesia
2,108,https://id.wikipedia.org/wiki/Jahja_Datoek_Kajo,4,https://id.wikipedia.org/wiki/Bahasa_Indonesia
2,109,https://id.wikipedia.org/wiki/Volksraad,4,https://id.wikipedia.org/wiki/Bahasa_Indonesia
2,110,https://id.wikipedia.org/wiki/Muhammad_Yamin,4,https://id.wikipedia.org/wiki/Bahasa_Indonesia
2,111,https://id.wikipedia.org/wiki/Pujangga_Baru,4,https://id.wikipedia.org/wiki/Bahasa_Indonesia
2,112,https://id.wikipedia.org/wiki/Sutan_Takdir_Alisyahbana,4,https://id.wikipedia.org/wiki/Bahasa_Indonesia
2,113,https://id.wikipedia.org/wiki/Kongres_Bahasa_Indonesia,4,https://id.wikipedia.org/wiki/Bahasa_Indonesia
2,114,https://id.wikipedia.org/wiki/Solo,4,https://id.wikipedia.org/wiki/Bahasa_Indonesia
2,115,https://id.wikipedia.org/wiki/Undang-Undang_Dasar_1945,4,https://id.wikipedia.org/wiki/Bahasa_Indonesia
2,116,https://id.wikipedia.org/wiki/Ejaan_Republik,4,https://id.wikipedia.org/wiki/Bahasa_Indonesia
2,117,https://id.wikipedia.org/wiki/Medan,4,https://id.wikipedia.org/wiki/Bahasa_Indonesia
2,118,https://id.wikipedia.org/wiki/Soeharto,4,https://id.wikipedia.org/wiki/Bahasa_Indonesia
2,119,https://id.wikipedia.org/wiki/Brunei_Darussalam,4,https://id.wikipedia.org/wiki/Bahasa_Indonesia
2,120,https://id.wikipedia.org/wiki/Malaysia,4,https://id.wikipedia.org/wiki/Bahasa_Indonesia
2,121,https://id.wikipedia.org/wiki/Singapura,4,https://id.wikipedia.org/wiki/Bahasa_Indonesia
2,122,https://id.wikipedia.org/wiki/Belanda,4,https://id.wikipedia.org/wiki/Bahasa_Indonesia
2,123,https://id.wikipedia.org/wiki/Jerman,4,https://id.wikipedia.org/wiki/Bahasa_Indonesia
2,124,https://id.wikipedia.org/wiki/Australia,4,https://id.wikipedia.org/wiki/Bahasa_Indonesia
2,125,https://id.wikipedia.org/wiki/Kamus_Besar_Bahasa_Indonesia,4,https://id.wikipedia.org/wiki/Bahasa_Indonesia
2,126,https://id.wikipedia.org/wiki/Tata_Bahasa_Baku_Bahasa_Indonesia,4,https://id.wikipedia.org/wiki/Bahasa_Indonesia
2,127,https://id.wikipedia.org/wiki/Hotel_Indonesia,4,https://id.wikipedia.org/wiki/Bahasa_Indonesia
2,128,https://id.wikipedia.org/wiki/Ejaan_Van_Ophuijsen,4,https://id.wikipedia.org/wiki/Bahasa_Indonesia
2,129,https://id.wikipedia.org/wiki/Bahasa_Melayu,4,https://id.wikipedia.org/wiki/Bahasa_Indonesia
2,130,https://id.wikipedia.org/wiki/Charles_Adriaan_van_Ophuijsen,4,https://id.wikipedia.org/wiki/Bahasa_Indonesia
2,131,https://id.wikipedia.org/wiki/Diftong,4,https://id.wikipedia.org/wiki/Bahasa_Indonesia
2,132,https://id.wikipedia.org/wiki/Diakritik,4,https://id.wikipedia.org/wiki/Bahasa_Indonesia
2,133,https://id.wikipedia.org/wiki/Ejaan_Republik,4,https://id.wikipedia.org/wiki/Bahasa_Indonesia
2,134,https://id.wikipedia.org/wiki/Ejaan_Soewandi,4,https://id.wikipedia.org/wiki/Bahasa_Indonesia
2,135,https://id.wikipedia.org/wiki/Ejaan_Pembaharuan,4,https://id.wikipedia.org/wiki/Bahasa_Indonesia
2,136,https://id.wikipedia.org/wiki/Ejaan_Melindo,4,https://id.wikipedia.org/wiki/Bahasa_Indonesia
2,137,https://id.wikipedia.org/wiki/Ejaan_yang_Disempurnakan,4,https://id.wikipedia.org/wiki/Bahasa_Indonesia
2,138,https://id.wikipedia.org/wiki/Ejaan_Bahasa_Indonesia,4,https://id.wikipedia.org/wiki/Bahasa_Indonesia
2,139,https://id.wikipedia.org/wiki/Diftong,4,https://id.wikipedia.org/wiki/Bahasa_Indonesia
2,140,https://id.wikipedia.org/wiki/Kata_serapan_dalam_bahasa_Indonesia,4,https://id.wikipedia.org/wiki/Bahasa_Indonesia
2,141,https://id.wikipedia.org/wiki/Bahasa_Belanda,4,https://id.wikipedia.org/wiki/Bahasa_Indonesia
2,142,https://id.wikipedia.org/wiki/Bahasa_Inggris,4,https://id.wikipedia.org/wiki/Bahasa_Indonesia
2,143,https://id.wikipedia.org/wiki/Bahasa_Arab,4,https://id.wikipedia.org/wiki/Bahasa_Indonesia
2,144,https://id.wikipedia.org/wiki/Bahasa_Sanskerta,4,https://id.wikipedia.org/wiki/Bahasa_Indonesia
2,145,https://id.wikipedia.org/wiki/Bahasa_Tionghoa,4,https://id.wikipedia.org/wiki/Bahasa_Indonesia
2,146,https://id.wikipedia.org/wiki/Bahasa_Portugis,4,https://id.wikipedia.org/wiki/Bahasa_Indonesia
2,147,https://id.wikipedia.org/wiki/Bahasa_Tamil,4,https://id.wikipedia.org/wiki/Bahasa_Indonesia
2,148,https://id.wikipedia.org/wiki/Bahasa_Parsi,4,https://id.wikipedia.org/wiki/Bahasa_Indonesia
2,149,https://id.wikipedia.org/wiki/Bahasa_Hindi,4,https://id.wikipedia.org/wiki/Bahasa_Indonesia
2,150,https://id.wikipedia.org/wiki/Pusat_Bahasa,4,https://id.wikipedia.org/wiki/Bahasa_Indonesia
2,151,https://id.wikipedia.org/wiki/Bahasa_Jawa,4,https://id.wikipedia.org/wiki/Bahasa_Indonesia
2,152,https://id.wikipedia.org/wiki/Bahasa_Minangkabau,4,https://id.wikipedia.org/wiki/Bahasa_Indonesia
2,153,https://id.wikipedia.org/wiki/Bahasa_Sunda,4,https://id.wikipedia.org/wiki/Bahasa_Indonesia
2,154,https://id.wikipedia.org/wiki/Bahasa_Madura,4,https://id.wikipedia.org/wiki/Bahasa_Indonesia
2,155,https://id.wikipedia.org/wiki/Bahasa_Bali,4,https://id.wikipedia.org/wiki/Bahasa_Indonesia
2,156,https://id.wikipedia.org/wiki/Bahasa_Aceh,4,https://id.wikipedia.org/wiki/Bahasa_Indonesia
2,157,https://id.wikipedia.org/wiki/Bahasa_Banjar,4,https://id.wikipedia.org/wiki/Bahasa_Indonesia
2,158,https://id.wikipedia.org/wiki/Rumpun_bahasa_Melayu%E2%80%93Polinesia,4,https://id.wikipedia.org/wiki/Bahasa_Indonesia
2,159,https://id.wikipedia.org/wiki/Bahasa_Melayu-Polinesia,4,https://id.wikipedia.org/wiki/Bahasa_Indonesia
2,160,https://id.wikipedia.org/wiki/Bahasa_Austronesia,4,https://id.wikipedia.org/wiki/Bahasa_Indonesia
2,161,https://id.wikipedia.org/wiki/Ethnologue,4,https://id.wikipedia.org/wiki/Bahasa_Indonesia
2,162,https://id.wikipedia.org/wiki/Bahasa_Melayu,4,https://id.wikipedia.org/wiki/Bahasa_Indonesia
2,163,https://id.wikipedia.org/wiki/Sumatra,4,https://id.wikipedia.org/wiki/Bahasa_Indonesia
2,164,https://id.wikipedia.org/wiki/Jabodetabek,4,https://id.wikipedia.org/wiki/Bahasa_Indonesia
2,165,https://id.wikipedia.org/wiki/Bahasa_Betawi,4,https://id.wikipedia.org/wiki/Bahasa_Indonesia
2,166,https://id.wikipedia.org/wiki/Bahasa_daerah,4,https://id.wikipedia.org/wiki/Bahasa_Indonesia
2,167,https://id.wikipedia.org/wiki/Sumpah_Pemuda,4,https://id.wikipedia.org/wiki/Bahasa_Indonesia
2,168,https://id.wikipedia.org/wiki/Indonesia,4,https://id.wikipedia.org/wiki/Bahasa_Indonesia
2,169,https://id.wikipedia.org/wiki/Fonem,4,https://id.wikipedia.org/wiki/Bahasa_Indonesia
2,170,https://id.wikipedia.org/wiki/Alofon,4,https://id.wikipedia.org/wiki/Bahasa_Indonesia
2,171,https://id.wikipedia.org/wiki/Aspirasi_(fonetik),4,https://id.wikipedia.org/wiki/Bahasa_Indonesia
2,172,https://id.wikipedia.org/wiki/Konsonan_gigi,4,https://id.wikipedia.org/wiki/Bahasa_Indonesia
2,173,https://id.wikipedia.org/wiki/Pepet,4,https://id.wikipedia.org/wiki/Bahasa_Indonesia
2,174,https://id.wikipedia.org/wiki/Alfabet_bahasa_Indonesia,4,https://id.wikipedia.org/wiki/Bahasa_Indonesia
2,175,https://id.wikipedia.org/wiki/International_Phonetic_Alphabet,4,https://id.wikipedia.org/wiki/Bahasa_Indonesia
2,176,https://id.wikipedia.org/wiki/International_Phonetic_Alphabet,4,https://id.wikipedia.org/wiki/Bahasa_Indonesia
2,177,https://id.wikipedia.org/wiki/Digraf,4,https://id.wikipedia.org/wiki/Bahasa_Indonesia
2,178,https://id.wikipedia.org/wiki/Bahasa_Sanskerta,4,https://id.wikipedia.org/wiki/Bahasa_Indonesia
2,179,https://id.wikipedia.org/wiki/Bahasa_Jawa,4,https://id.wikipedia.org/wiki/Bahasa_Indonesia
2,180,https://id.wikipedia.org/wiki/Reduplikasi,4,https://id.wikipedia.org/wiki/Bahasa_Indonesia
2,181,https://id.wikipedia.org/wiki/Kata_ulang,4,https://id.wikipedia.org/wiki/Bahasa_Indonesia
2,182,https://id.wikipedia.org/wiki/Infleksi,4,https://id.wikipedia.org/wiki/Bahasa_Indonesia
2,183,https://id.wikipedia.org/wiki/Imbuhan,4,https://id.wikipedia.org/wiki/Bahasa_Indonesia
2,184,https://id.wikipedia.org/wiki/Awalan,4,https://id.wikipedia.org/wiki/Bahasa_Indonesia
2,185,https://id.wikipedia.org/wiki/Akhiran,4,https://id.wikipedia.org/wiki/Bahasa_Indonesia
2,186,https://id.wikipedia.org/wiki/Sisipan,4,https://id.wikipedia.org/wiki/Bahasa_Indonesia
2,187,https://id.wikipedia.org/wiki/International_Phonetic_Alphabet,4,https://id.wikipedia.org/wiki/Bahasa_Indonesia
2,188,https://id.wikipedia.org/wiki/Prefiks,4,https://id.wikipedia.org/wiki/Bahasa_Indonesia
2,189,https://id.wikipedia.org/wiki/Ber-,4,https://id.wikipedia.org/wiki/Bahasa_Indonesia
2,190,https://id.wikipedia.org/wiki/Ter-,4,https://id.wikipedia.org/wiki/Bahasa_Indonesia
2,191,https://id.wikipedia.org/wiki/Di-,4,https://id.wikipedia.org/wiki/Bahasa_Indonesia
2,192,https://id.wikipedia.org/wiki/Ke-,4,https://id.wikipedia.org/wiki/Bahasa_Indonesia
2,193,https://id.wikipedia.org/wiki/Se-,4,https://id.wikipedia.org/wiki/Bahasa_Indonesia
2,194,https://id.wikipedia.org/wiki/Bahasa_Melayu#Varian-varian_bahasa_Melayu,4,https://id.wikipedia.org/wiki/Bahasa_Indonesia
2,195,https://id.wikipedia.org/wiki/Dialek,4,https://id.wikipedia.org/wiki/Bahasa_Indonesia
2,196,https://id.wikipedia.org/wiki/Ragam_bahasa,4,https://id.wikipedia.org/wiki/Bahasa_Indonesia
2,197,https://id.wikipedia.org/wiki/Bahasa_Melayu,4,https://id.wikipedia.org/wiki/Bahasa_Indonesia
2,198,https://id.wikipedia.org/wiki/Pulau_Ambon,4,https://id.wikipedia.org/wiki/Bahasa_Indonesia
2,199,https://id.wikipedia.org/wiki/Jakarta,4,https://id.wikipedia.org/wiki/Bahasa_Indonesia
2,200,https://id.wikipedia.org/wiki/Betawi,4,https://id.wikipedia.org/wiki/Bahasa_Indonesia
2,201,https://id.wikipedia.org/wiki/Medan,4,https://id.wikipedia.org/wiki/Bahasa_Indonesia
2,202,https://id.wikipedia.org/wiki/Kerajaan_Sriwijaya,4,https://id.wikipedia.org/wiki/Bahasa_Indonesia
2,203,https://id.wikipedia.org/wiki/Undang-undang,4,https://id.wikipedia.org/wiki/Bahasa_Indonesia
2,204,https://id.wikipedia.org/wiki/Jurnalistik,4,https://id.wikipedia.org/wiki/Bahasa_Indonesia
2,205,https://id.wikipedia.org/wiki/Ilmiah,4,https://id.wikipedia.org/wiki/Bahasa_Indonesia
2,206,https://id.wikipedia.org/wiki/Sastra,4,https://id.wikipedia.org/wiki/Bahasa_Indonesia
2,207,https://id.wikipedia.org/wiki/Pidato,4,https://id.wikipedia.org/wiki/Bahasa_Indonesia
2,208,https://id.wikipedia.org/wiki/Peribahasa_Indonesia,4,https://id.wikipedia.org/wiki/Bahasa_Indonesia
2,209,https://id.wikipedia.org/wiki/Bahasa_prokem_Indonesia,4,https://id.wikipedia.org/wiki/Bahasa_Indonesia
2,210,https://id.wikipedia.org/wiki/Bahasa_Melayu,4,https://id.wikipedia.org/wiki/Bahasa_Indonesia
2,211,https://id.wikipedia.org/wiki/Kata_serapan_dalam_bahasa_Indonesia,4,https://id.wikipedia.org/wiki/Bahasa_Indonesia
2,212,https://id.wikipedia.org/wiki/Daftar_kata_serapan,4,https://id.wikipedia.org/wiki/Bahasa_Indonesia
2,213,https://id.wikipedia.org/wiki/Bahasa_Belanda_di_Indonesia,4,https://id.wikipedia.org/wiki/Bahasa_Indonesia
2,214,https://id.wikipedia.org/wiki/Perbedaan_antara_bahasa_Melayu_Baku_dan_bahasa_Indonesia,4,https://id.wikipedia.org/wiki/Bahasa_Indonesia
2,215,https://id.wikipedia.org/wiki/Perbedaan_antara_sebutan_bahasa_Melayu_basahan_dan_bahasa_Indonesia,4,https://id.wikipedia.org/wiki/Bahasa_Indonesia
2,216,https://id.wikipedia.org/wiki/Kongres_Bahasa_Indonesia,4,https://id.wikipedia.org/wiki/Bahasa_Indonesia
2,217,https://id.wikipedia.org/wiki/Undang-Undang_Dasar_Negara_Republik_Indonesia_Tahun_1945,4,https://id.wikipedia.org/wiki/Bahasa_Indonesia
2,218,https://id.wikipedia.org/wiki/Sumpah_Pemuda,4,https://id.wikipedia.org/wiki/Bahasa_Indonesia
2,219,https://id.wikipedia.org/wiki/Solo,4,https://id.wikipedia.org/wiki/Bahasa_Indonesia
2,220,https://id.wikipedia.org/wiki/KBBI,4,https://id.wikipedia.org/wiki/Bahasa_Indonesia
2,221,https://id.wikipedia.org/wiki/Bogor,4,https://id.wikipedia.org/wiki/Bahasa_Indonesia
2,222,https://id.wikipedia.org/wiki/Pulau_Jawa,4,https://id.wikipedia.org/wiki/Bahasa_Indonesia
2,223,https://id.wikipedia.org/wiki/Keping_Tembaga_Laguna,4,https://id.wikipedia.org/wiki/Bahasa_Indonesia
2,224,https://id.wikipedia.org/wiki/Manila,4,https://id.wikipedia.org/wiki/Bahasa_Indonesia
2,225,https://id.wikipedia.org/wiki/Pulau_Luzon,4,https://id.wikipedia.org/wiki/Bahasa_Indonesia
2,226,https://id.wikipedia.org/wiki/Tionghoa-Indonesia,4,https://id.wikipedia.org/wiki/Bahasa_Indonesia
2,227,https://id.wikipedia.org/wiki/Pusat_Bahasa,4,https://id.wikipedia.org/wiki/Bahasa_Indonesia
2,228,https://id.wikipedia.org/wiki/Kamus,4,https://id.wikipedia.org/wiki/Bahasa_Indonesia
2,229,https://id.wikipedia.org/wiki/Alfabet_bahasa_Indonesia,4,https://id.wikipedia.org/wiki/Bahasa_Indonesia
2,230,https://id.wikipedia.org/wiki/Alfabet_bahasa_Indonesia,4,https://id.wikipedia.org/wiki/Bahasa_Indonesia
2,231,https://id.wikipedia.org/wiki/A,4,https://id.wikipedia.org/wiki/Bahasa_Indonesia
2,232,https://id.wikipedia.org/wiki/B,4,https://id.wikipedia.org/wiki/Bahasa_Indonesia
2,233,https://id.wikipedia.org/wiki/C,4,https://id.wikipedia.org/wiki/Bahasa_Indonesia
2,234,https://id.wikipedia.org/wiki/D,4,https://id.wikipedia.org/wiki/Bahasa_Indonesia
2,235,https://id.wikipedia.org/wiki/E,4,https://id.wikipedia.org/wiki/Bahasa_Indonesia
2,236,https://id.wikipedia.org/wiki/F,4,https://id.wikipedia.org/wiki/Bahasa_Indonesia
2,237,https://id.wikipedia.org/wiki/G,4,https://id.wikipedia.org/wiki/Bahasa_Indonesia
2,238,https://id.wikipedia.org/wiki/H,4,https://id.wikipedia.org/wiki/Bahasa_Indonesia
2,239,https://id.wikipedia.org/wiki/I,4,https://id.wikipedia.org/wiki/Bahasa_Indonesia
2,240,https://id.wikipedia.org/wiki/J,4,https://id.wikipedia.org/wiki/Bahasa_Indonesia
2,241,https://id.wikipedia.org/wiki/K,4,https://id.wikipedia.org/wiki/Bahasa_Indonesia
2,242,https://id.wikipedia.org/wiki/L,4,https://id.wikipedia.org/wiki/Bahasa_Indonesia
2,243,https://id.wikipedia.org/wiki/M,4,https://id.wikipedia.org/wiki/Bahasa_Indonesia
2,244,https://id.wikipedia.org/wiki/N,4,https://id.wikipedia.org/wiki/Bahasa_Indonesia
2,245,https://id.wikipedia.org/wiki/O,4,https://id.wikipedia.org/wiki/Bahasa_Indonesia
2,246,https://id.wikipedia.org/wiki/P,4,https://id.wikipedia.org/wiki/Bahasa_Indonesia
2,247,https://id.wikipedia.org/wiki/Q,4,https://id.wikipedia.org/wiki/Bahasa_Indonesia
2,248,https://id.wikipedia.org/wiki/R,4,https://id.wikipedia.org/wiki/Bahasa_Indonesia
2,249,https://id.wikipedia.org/wiki/S,4,https://id.wikipedia.org/wiki/Bahasa_Indonesia
2,250,https://id.wikipedia.org/wiki/T,4,https://id.wikipedia.org/wiki/Bahasa_Indonesia
2,251,https://id.wikipedia.org/wiki/U,4,https://id.wikipedia.org/wiki/Bahasa_Indonesia
2,252,https://id.wikipedia.org/wiki/V,4,https://id.wikipedia.org/wiki/Bahasa_Indonesia
2,253,https://id.wikipedia.org/wiki/W,4,https://id.wikipedia.org/wiki/Bahasa_Indonesia
2,254,https://id.wikipedia.org/wiki/X,4,https://id.wikipedia.org/wiki/Bahasa_Indonesia
2,255,https://id.wikipedia.org/wiki/Y,4,https://id.wikipedia.org/wiki/Bahasa_Indonesia
2,256,https://id.wikipedia.org/wiki/Z,4,https://id.wikipedia.org/wiki/Bahasa_Indonesia
2,257,https://id.wikipedia.org/wiki/Bahasa_Melayu_Kuno,4,https://id.wikipedia.org/wiki/Bahasa_Indonesia
2,258,https://id.wikipedia.org/wiki/Ejaan_Van_Ophuijsen,4,https://id.wikipedia.org/wiki/Bahasa_Indonesia
2,259,https://id.wikipedia.org/wiki/Ejaan_Republik,4,https://id.wikipedia.org/wiki/Bahasa_Indonesia
2,260,https://id.wikipedia.org/wiki/Ejaan_Pembaharuan,4,https://id.wikipedia.org/wiki/Bahasa_Indonesia
2,261,https://id.wikipedia.org/wiki/Ejaan_Melindo,4,https://id.wikipedia.org/wiki/Bahasa_Indonesia
2,262,https://id.wikipedia.org/wiki/Ejaan_yang_Disempurnakan,4,https://id.wikipedia.org/wiki/Bahasa_Indonesia
2,263,https://id.wikipedia.org/wiki/Ejaan_Bahasa_Indonesia,4,https://id.wikipedia.org/wiki/Bahasa_Indonesia
2,264,https://id.wikipedia.org/wiki/Bahasa_gado-gado,4,https://id.wikipedia.org/wiki/Bahasa_Indonesia
2,265,https://id.wikipedia.org/wiki/Bahasa_gaul,4,https://id.wikipedia.org/wiki/Bahasa_Indonesia
2,266,https://id.wikipedia.org/wiki/Bahasa_prokem,4,https://id.wikipedia.org/wiki/Bahasa_Indonesia
2,267,https://id.wikipedia.org/wiki/Bahasa_binan,4,https://id.wikipedia.org/wiki/Bahasa_Indonesia
2,268,https://id.wikipedia.org/wiki/Nama_Indonesia,4,https://id.wikipedia.org/wiki/Bahasa_Indonesia
2,269,https://id.wikipedia.org/wiki/Bahasa_Belanda_di_Indonesia,4,https://id.wikipedia.org/wiki/Bahasa_Indonesia
2,270,https://id.wikipedia.org/wiki/Kongres_Bahasa_Indonesia,4,https://id.wikipedia.org/wiki/Bahasa_Indonesia
2,271,https://id.wikipedia.org/wiki/Badan_Pengembangan_dan_Pembinaan_Bahasa,4,https://id.wikipedia.org/wiki/Bahasa_Indonesia
2,272,https://id.wikipedia.org/wiki/Kamus_Besar_Bahasa_Indonesia,4,https://id.wikipedia.org/wiki/Bahasa_Indonesia
2,273,https://id.wikipedia.org/wiki/Tata_Bahasa_Baku_Bahasa_Indonesia,4,https://id.wikipedia.org/wiki/Bahasa_Indonesia
2,274,https://id.wikipedia.org/wiki/Uji_Kemahiran_Berbahasa_Indonesia,4,https://id.wikipedia.org/wiki/Bahasa_Indonesia
2,275,https://id.wikipedia.org/wiki/Ber-,4,https://id.wikipedia.org/wiki/Bahasa_Indonesia
2,276,https://id.wikipedia.org/wiki/Ter-,4,https://id.wikipedia.org/wiki/Bahasa_Indonesia
2,277,https://id.wikipedia.org/wiki/Di-,4,https://id.wikipedia.org/wiki/Bahasa_Indonesia
2,278,https://id.wikipedia.org/wiki/Ke-,4,https://id.wikipedia.org/wiki/Bahasa_Indonesia
2,279,https://id.wikipedia.org/wiki/Se-,4,https://id.wikipedia.org/wiki/Bahasa_Indonesia
2,280,https://id.wikipedia.org/wiki/Daftar_bahasa_di_Indonesia,4,https://id.wikipedia.org/wiki/Bahasa_Indonesia
2,281,https://id.wikipedia.org/wiki/Indonesia,4,https://id.wikipedia.org/wiki/Bahasa_Indonesia
2,282,https://id.wikipedia.org/wiki/Daftar_bahasa_di_Sumatra,4,https://id.wikipedia.org/wiki/Bahasa_Indonesia
2,283,https://id.wikipedia.org/wiki/Sumatra,4,https://id.wikipedia.org/wiki/Bahasa_Indonesia
2,284,https://id.wikipedia.org/wiki/Bahasa_Aceh,4,https://id.wikipedia.org/wiki/Bahasa_Indonesia
2,285,https://id.wikipedia.org/wiki/Bahasa_Bangka,4,https://id.wikipedia.org/wiki/Bahasa_Indonesia
2,286,https://id.wikipedia.org/wiki/Bahasa_Batak_Alas-Kluet,4,https://id.wikipedia.org/wiki/Bahasa_Indonesia
2,287,https://id.wikipedia.org/wiki/Bahasa_Batak_Angkola,4,https://id.wikipedia.org/wiki/Bahasa_Indonesia
2,288,https://id.wikipedia.org/wiki/Bahasa_Karo,4,https://id.wikipedia.org/wiki/Bahasa_Indonesia
2,289,https://id.wikipedia.org/wiki/Bahasa_Batak_Mandailing,4,https://id.wikipedia.org/wiki/Bahasa_Indonesia
2,290,https://id.wikipedia.org/wiki/Bahasa_Batak_Simalungun,4,https://id.wikipedia.org/wiki/Bahasa_Indonesia
2,291,https://id.wikipedia.org/wiki/Bahasa_Batak_Toba,4,https://id.wikipedia.org/wiki/Bahasa_Indonesia
2,292,https://id.wikipedia.org/wiki/Bahasa_Col,4,https://id.wikipedia.org/wiki/Bahasa_Indonesia
2,293,https://id.wikipedia.org/wiki/Bahasa_Devayan,4,https://id.wikipedia.org/wiki/Bahasa_Indonesia
2,294,https://id.wikipedia.org/wiki/Bahasa_Haloban,4,https://id.wikipedia.org/wiki/Bahasa_Indonesia
2,295,https://id.wikipedia.org/wiki/Bahasa_Lekon,4,https://id.wikipedia.org/wiki/Bahasa_Indonesia
2,296,https://id.wikipedia.org/wiki/Bahasa_Duano,4,https://id.wikipedia.org/wiki/Bahasa_Indonesia
2,297,https://id.wikipedia.org/wiki/Bahasa_Enggano,4,https://id.wikipedia.org/wiki/Bahasa_Indonesia
2,298,https://id.wikipedia.org/wiki/Bahasa_Gayo,4,https://id.wikipedia.org/wiki/Bahasa_Indonesia
2,299,https://id.wikipedia.org/wiki/Bahasa_Haji,4,https://id.wikipedia.org/wiki/Bahasa_Indonesia
2,300,https://id.wikipedia.org/wiki/Bahasa_Kaur,4,https://id.wikipedia.org/wiki/Bahasa_Indonesia
2,301,https://id.wikipedia.org/wiki/Bahasa_Kedah,4,https://id.wikipedia.org/wiki/Bahasa_Indonesia
2,302,https://id.wikipedia.org/wiki/Bahasa_Kerinci,4,https://id.wikipedia.org/wiki/Bahasa_Indonesia
2,303,https://id.wikipedia.org/wiki/Bahasa_Komering,4,https://id.wikipedia.org/wiki/Bahasa_Indonesia
2,304,https://id.wikipedia.org/wiki/Bahasa_Kubu,4,https://id.wikipedia.org/wiki/Bahasa_Indonesia
2,305,https://id.wikipedia.org/wiki/Bahasa_Lampung_Api,4,https://id.wikipedia.org/wiki/Bahasa_Indonesia
2,306,https://id.wikipedia.org/wiki/Bahasa_Lampung_Nyo,4,https://id.wikipedia.org/wiki/Bahasa_Indonesia
2,307,https://id.wikipedia.org/wiki/Bahasa_Loncong,4,https://id.wikipedia.org/wiki/Bahasa_Indonesia
2,308,https://id.wikipedia.org/wiki/Bahasa_Lubu,4,https://id.wikipedia.org/wiki/Bahasa_Indonesia
2,309,https://id.wikipedia.org/wiki/Bahasa_Melayu,4,https://id.wikipedia.org/wiki/Bahasa_Indonesia
2,310,https://id.wikipedia.org/wiki/Bahasa_Melayu_Tengah,4,https://id.wikipedia.org/wiki/Bahasa_Indonesia
2,311,https://id.wikipedia.org/wiki/Bahasa_Besemah,4,https://id.wikipedia.org/wiki/Bahasa_Indonesia
2,312,https://id.wikipedia.org/wiki/Bahasa_Ogan,4,https://id.wikipedia.org/wiki/Bahasa_Indonesia
2,313,https://id.wikipedia.org/wiki/Bahasa_Semendo,4,https://id.wikipedia.org/wiki/Bahasa_Indonesia
2,314,https://id.wikipedia.org/wiki/Bahasa_Melayu_Jambi,4,https://id.wikipedia.org/wiki/Bahasa_Indonesia
2,315,https://id.wikipedia.org/wiki/Bahasa_Mentawai,4,https://id.wikipedia.org/wiki/Bahasa_Indonesia
2,316,https://id.wikipedia.org/wiki/Bahasa_Minangkabau,4,https://id.wikipedia.org/wiki/Bahasa_Indonesia
2,317,https://id.wikipedia.org/wiki/Bahasa_Jamee,4,https://id.wikipedia.org/wiki/Bahasa_Indonesia
2,318,https://id.wikipedia.org/wiki/Bahasa_Kampar,4,https://id.wikipedia.org/wiki/Bahasa_Indonesia
2,319,https://id.wikipedia.org/wiki/Bahasa_Mukomuko,4,https://id.wikipedia.org/wiki/Bahasa_Indonesia
2,320,https://id.wikipedia.org/wiki/Bahasa_Pesisir,4,https://id.wikipedia.org/wiki/Bahasa_Indonesia
2,321,https://id.wikipedia.org/wiki/Bahasa_Musi,4,https://id.wikipedia.org/wiki/Bahasa_Indonesia
2,322,https://id.wikipedia.org/wiki/Bahasa_Palembang,4,https://id.wikipedia.org/wiki/Bahasa_Indonesia
2,323,https://id.wikipedia.org/wiki/Bahasa_Palembang_Alus,4,https://id.wikipedia.org/wiki/Bahasa_Indonesia
2,324,https://id.wikipedia.org/wiki/Bahasa_Nasal,4,https://id.wikipedia.org/wiki/Bahasa_Indonesia
2,325,https://id.wikipedia.org/wiki/Bahasa_Nias,4,https://id.wikipedia.org/wiki/Bahasa_Indonesia
2,326,https://id.wikipedia.org/wiki/Bahasa_Batak_Pakpak,4,https://id.wikipedia.org/wiki/Bahasa_Indonesia
2,327,https://id.wikipedia.org/wiki/Bahasa_Singkil,4,https://id.wikipedia.org/wiki/Bahasa_Indonesia
2,328,https://id.wikipedia.org/wiki/Bahasa_Pekal,4,https://id.wikipedia.org/wiki/Bahasa_Indonesia
2,329,https://id.wikipedia.org/wiki/Bahasa_Rejang,4,https://id.wikipedia.org/wiki/Bahasa_Indonesia
2,330,https://id.wikipedia.org/wiki/Bahasa_Sigulai,4,https://id.wikipedia.org/wiki/Bahasa_Indonesia
2,331,https://id.wikipedia.org/wiki/Daftar_bahasa_di_Jawa,4,https://id.wikipedia.org/wiki/Bahasa_Indonesia
2,332,https://id.wikipedia.org/wiki/Jawa,4,https://id.wikipedia.org/wiki/Bahasa_Indonesia
2,333,https://id.wikipedia.org/wiki/Bahasa_Baduy,4,https://id.wikipedia.org/wiki/Bahasa_Indonesia
2,334,https://id.wikipedia.org/wiki/Bahasa_Betawi,4,https://id.wikipedia.org/wiki/Bahasa_Indonesia
2,335,https://id.wikipedia.org/wiki/Bahasa_Indonesia_Peranakan,4,https://id.wikipedia.org/wiki/Bahasa_Indonesia
2,336,https://id.wikipedia.org/wiki/Bahasa_Javindo,4,https://id.wikipedia.org/wiki/Bahasa_Indonesia
2,337,https://id.wikipedia.org/wiki/Bahasa_Jawa,4,https://id.wikipedia.org/wiki/Bahasa_Indonesia
2,338,https://id.wikipedia.org/wiki/Bahasa_Kangean,4,https://id.wikipedia.org/wiki/Bahasa_Indonesia
2,339,https://id.wikipedia.org/wiki/Bahasa_Kawi,4,https://id.wikipedia.org/wiki/Bahasa_Indonesia
2,340,https://id.wikipedia.org/wiki/Bahasa_Madura,4,https://id.wikipedia.org/wiki/Bahasa_Indonesia
2,341,https://id.wikipedia.org/wiki/Bahasa_Osing,4,https://id.wikipedia.org/wiki/Bahasa_Indonesia
2,342,https://id.wikipedia.org/wiki/Bahasa_Pecok,4,https://id.wikipedia.org/wiki/Bahasa_Indonesia
2,343,https://id.wikipedia.org/wiki/Bahasa_Sunda,4,https://id.wikipedia.org/wiki/Bahasa_Indonesia
2,344,https://id.wikipedia.org/wiki/Bahasa_Tengger,4,https://id.wikipedia.org/wiki/Bahasa_Indonesia
2,345,https://id.wikipedia.org/wiki/Daftar_bahasa_di_Kepulauan_Nusa_Tenggara,4,https://id.wikipedia.org/wiki/Bahasa_Indonesia
2,346,https://id.wikipedia.org/wiki/Kepulauan_Nusa_Tenggara,4,https://id.wikipedia.org/wiki/Bahasa_Indonesia
2,347,https://id.wikipedia.org/wiki/Bahasa_Abui,4,https://id.wikipedia.org/wiki/Bahasa_Indonesia
2,348,https://id.wikipedia.org/wiki/Bahasa_Adang,4,https://id.wikipedia.org/wiki/Bahasa_Indonesia
2,349,https://id.wikipedia.org/wiki/Bahasa_Adonara,4,https://id.wikipedia.org/wiki/Bahasa_Indonesia
2,350,https://id.wikipedia.org/wiki/Bahasa_Alor,4,https://id.wikipedia.org/wiki/Bahasa_Indonesia
2,351,https://id.wikipedia.org/wiki/Bahasa_Amarasi,4,https://id.wikipedia.org/wiki/Bahasa_Indonesia
2,352,https://id.wikipedia.org/wiki/Bahasa_Anakalangu,4,https://id.wikipedia.org/wiki/Bahasa_Indonesia
2,353,https://id.wikipedia.org/wiki/Bahasa_Bali,4,https://id.wikipedia.org/wiki/Bahasa_Indonesia
2,354,https://id.wikipedia.org/wiki/Bahasa_Bilba,4,https://id.wikipedia.org/wiki/Bahasa_Indonesia
2,355,https://id.wikipedia.org/wiki/Bahasa_Bima,4,https://id.wikipedia.org/wiki/Bahasa_Indonesia
2,356,https://id.wikipedia.org/wiki/Bahasa_Blagar,4,https://id.wikipedia.org/wiki/Bahasa_Indonesia
2,357,https://id.wikipedia.org/wiki/Bahasa_Bunak,4,https://id.wikipedia.org/wiki/Bahasa_Indonesia
2,358,https://id.wikipedia.org/wiki/Bahasa_Dela-Oenale,4,https://id.wikipedia.org/wiki/Bahasa_Indonesia
2,359,https://id.wikipedia.org/wiki/Bahasa_Dengka,4,https://id.wikipedia.org/wiki/Bahasa_Indonesia
2,360,https://id.wikipedia.org/wiki/Bahasa_Dhao,4,https://id.wikipedia.org/wiki/Bahasa_Indonesia
2,361,https://id.wikipedia.org/wiki/Bahasa_Ende,4,https://id.wikipedia.org/wiki/Bahasa_Indonesia
2,362,https://id.wikipedia.org/wiki/Bahasa_Hamap,4,https://id.wikipedia.org/wiki/Bahasa_Indonesia
2,363,https://id.wikipedia.org/wiki/Bahasa_Helong,4,https://id.wikipedia.org/wiki/Bahasa_Indonesia
2,364,https://id.wikipedia.org/wiki/Bahasa_Ile_Ape,4,https://id.wikipedia.org/wiki/Bahasa_Indonesia
2,365,https://id.wikipedia.org/wiki/Bahasa_Kambera,4,https://id.wikipedia.org/wiki/Bahasa_Indonesia
2,366,https://id.wikipedia.org/wiki/Bahasa_Kedang,4,https://id.wikipedia.org/wiki/Bahasa_Indonesia
2,367,https://id.wikipedia.org/wiki/Bahasa_Kemak,4,https://id.wikipedia.org/wiki/Bahasa_Indonesia
2,368,https://id.wikipedia.org/wiki/Bahasa_Ke%27o,4,https://id.wikipedia.org/wiki/Bahasa_Indonesia
2,369,https://id.wikipedia.org/wiki/Bahasa_Kepo%27,4,https://id.wikipedia.org/wiki/Bahasa_Indonesia
2,370,https://id.wikipedia.org/wiki/Bahasa_Kodi,4,https://id.wikipedia.org/wiki/Bahasa_Indonesia
2,371,https://id.wikipedia.org/wiki/Bahasa_Komodo,4,https://id.wikipedia.org/wiki/Bahasa_Indonesia
2,372,https://id.wikipedia.org/wiki/Bahasa_Kui,4,https://id.wikipedia.org/wiki/Bahasa_Indonesia
2,373,https://id.wikipedia.org/wiki/Bahasa_Kula,4,https://id.wikipedia.org/wiki/Bahasa_Indonesia
2,374,https://id.wikipedia.org/wiki/Bahasa_Lamaholot,4,https://id.wikipedia.org/wiki/Bahasa_Indonesia
2,375,https://id.wikipedia.org/wiki/Bahasa_Lamalera,4,https://id.wikipedia.org/wiki/Bahasa_Indonesia
2,376,https://id.wikipedia.org/wiki/Bahasa_Lamatuka,4,https://id.wikipedia.org/wiki/Bahasa_Indonesia
2,377,https://id.wikipedia.org/wiki/Bahasa_Lamboya,4,https://id.wikipedia.org/wiki/Bahasa_Indonesia
2,378,https://id.wikipedia.org/wiki/Bahasa_Laura,4,https://id.wikipedia.org/wiki/Bahasa_Indonesia
2,379,https://id.wikipedia.org/wiki/Bahasa_Lembata_Barat,4,https://id.wikipedia.org/wiki/Bahasa_Indonesia
2,380,https://id.wikipedia.org/wiki/Bahasa_Lembata_Selatan,4,https://id.wikipedia.org/wiki/Bahasa_Indonesia
2,381,https://id.wikipedia.org/wiki/Bahasa_Levuka,4,https://id.wikipedia.org/wiki/Bahasa_Indonesia
2,382,https://id.wikipedia.org/wiki/Bahasa_Lewo_Eleng,4,https://id.wikipedia.org/wiki/Bahasa_Indonesia
2,383,https://id.wikipedia.org/wiki/Bahasa_Lewotobi,4,https://id.wikipedia.org/wiki/Bahasa_Indonesia
2,384,https://id.wikipedia.org/wiki/Bahasa_Lio,4,https://id.wikipedia.org/wiki/Bahasa_Indonesia
2,385,https://id.wikipedia.org/wiki/Bahasa_Lole,4,https://id.wikipedia.org/wiki/Bahasa_Indonesia
2,386,https://id.wikipedia.org/wiki/Bahasa_Melayu_Bali,4,https://id.wikipedia.org/wiki/Bahasa_Indonesia
2,387,https://id.wikipedia.org/wiki/Bahasa_Melayu_Kupang,4,https://id.wikipedia.org/wiki/Bahasa_Indonesia
2,388,https://id.wikipedia.org/wiki/Bahasa_Melayu_Larantuka,4,https://id.wikipedia.org/wiki/Bahasa_Indonesia
2,389,https://id.wikipedia.org/wiki/Bahasa_Mamboru,4,https://id.wikipedia.org/wiki/Bahasa_Indonesia
2,390,https://id.wikipedia.org/wiki/Bahasa_Manggarai,4,https://id.wikipedia.org/wiki/Bahasa_Indonesia
2,391,https://id.wikipedia.org/wiki/Bahasa_Nage,4,https://id.wikipedia.org/wiki/Bahasa_Indonesia
2,392,https://id.wikipedia.org/wiki/Bahasa_Nedebang,4,https://id.wikipedia.org/wiki/Bahasa_Indonesia
2,393,https://id.wikipedia.org/wiki/Bahasa_Ngada,4,https://id.wikipedia.org/wiki/Bahasa_Indonesia
2,394,https://id.wikipedia.org/wiki/Bahasa_Ngada_Timur,4,https://id.wikipedia.org/wiki/Bahasa_Indonesia
2,395,https://id.wikipedia.org/wiki/Bahasa_Palue,4,https://id.wikipedia.org/wiki/Bahasa_Indonesia
2,396,https://id.wikipedia.org/wiki/Bahasa_Rajong,4,https://id.wikipedia.org/wiki/Bahasa_Indonesia
2,397,https://id.wikipedia.org/wiki/Bahasa_Rembong,4,https://id.wikipedia.org/wiki/Bahasa_Indonesia
2,398,https://id.wikipedia.org/wiki/Bahasa_Ringgou,4,https://id.wikipedia.org/wiki/Bahasa_Indonesia
2,399,https://id.wikipedia.org/wiki/Bahasa_Riung,4,https://id.wikipedia.org/wiki/Bahasa_Indonesia
2,400,https://id.wikipedia.org/wiki/Bahasa_Rongga,4,https://id.wikipedia.org/wiki/Bahasa_Indonesia
2,401,https://id.wikipedia.org/wiki/Bahasa_Sabu,4,https://id.wikipedia.org/wiki/Bahasa_Indonesia
2,402,https://id.wikipedia.org/wiki/Bahasa_Sasak,4,https://id.wikipedia.org/wiki/Bahasa_Indonesia
2,403,https://id.wikipedia.org/wiki/Bahasa_Sawila,4,https://id.wikipedia.org/wiki/Bahasa_Indonesia
2,404,https://id.wikipedia.org/wiki/Bahasa_Sikka,4,https://id.wikipedia.org/wiki/Bahasa_Indonesia
2,405,https://id.wikipedia.org/wiki/Bahasa_So%27a,4,https://id.wikipedia.org/wiki/Bahasa_Indonesia
2,406,https://id.wikipedia.org/wiki/Bahasa_Sumbawa,4,https://id.wikipedia.org/wiki/Bahasa_Indonesia
2,407,https://id.wikipedia.org/wiki/Bahasa_Tambora,4,https://id.wikipedia.org/wiki/Bahasa_Indonesia
2,408,https://id.wikipedia.org/wiki/Bahasa_Termanu,4,https://id.wikipedia.org/wiki/Bahasa_Indonesia
2,409,https://id.wikipedia.org/wiki/Bahasa_Tetun,4,https://id.wikipedia.org/wiki/Bahasa_Indonesia
2,410,https://id.wikipedia.org/wiki/Bahasa_Uab_Meto,4,https://id.wikipedia.org/wiki/Bahasa_Indonesia
2,411,https://id.wikipedia.org/wiki/Bahasa_Wae_Rana,4,https://id.wikipedia.org/wiki/Bahasa_Indonesia
2,412,https://id.wikipedia.org/wiki/Bahasa_Wanukaka,4,https://id.wikipedia.org/wiki/Bahasa_Indonesia
2,413,https://id.wikipedia.org/wiki/Bahasa_Wejewa,4,https://id.wikipedia.org/wiki/Bahasa_Indonesia
2,414,https://id.wikipedia.org/wiki/Bahasa_Wersing,4,https://id.wikipedia.org/wiki/Bahasa_Indonesia
2,415,https://id.wikipedia.org/wiki/Daftar_bahasa_di_Kalimantan,4,https://id.wikipedia.org/wiki/Bahasa_Indonesia
2,416,https://id.wikipedia.org/wiki/Kalimantan,4,https://id.wikipedia.org/wiki/Bahasa_Indonesia
2,417,https://id.wikipedia.org/wiki/Suku_Dayak_Abal,4,https://id.wikipedia.org/wiki/Bahasa_Indonesia
2,418,https://id.wikipedia.org/wiki/Bahasa_Ampanang,4,https://id.wikipedia.org/wiki/Bahasa_Indonesia
2,419,https://id.wikipedia.org/wiki/Bahasa_Aoheng,4,https://id.wikipedia.org/wiki/Bahasa_Indonesia
2,420,https://id.wikipedia.org/wiki/Bahasa_Bahau,4,https://id.wikipedia.org/wiki/Bahasa_Indonesia
2,421,https://id.wikipedia.org/wiki/Bahasa_Bakati%27,4,https://id.wikipedia.org/wiki/Bahasa_Indonesia
2,422,https://id.wikipedia.org/wiki/Bahasa_Barangas,4,https://id.wikipedia.org/wiki/Bahasa_Indonesia
2,423,https://id.wikipedia.org/wiki/Bahasa_Bakumpai,4,https://id.wikipedia.org/wiki/Bahasa_Indonesia
2,424,https://id.wikipedia.org/wiki/Bahasa_Banjar,4,https://id.wikipedia.org/wiki/Bahasa_Indonesia
2,425,https://id.wikipedia.org/wiki/Bahasa_Benyadu%27,4,https://id.wikipedia.org/wiki/Bahasa_Indonesia
2,426,https://id.wikipedia.org/wiki/Bahasa_Bukat,4,https://id.wikipedia.org/wiki/Bahasa_Indonesia
2,427,https://id.wikipedia.org/wiki/Bahasa_Dusun_Deyah,4,https://id.wikipedia.org/wiki/Bahasa_Indonesia
2,428,https://id.wikipedia.org/wiki/Bahasa_Dusun_Malang,4,https://id.wikipedia.org/wiki/Bahasa_Indonesia
2,429,https://id.wikipedia.org/wiki/Bahasa_Dusun_Witu,4,https://id.wikipedia.org/wiki/Bahasa_Indonesia
2,430,https://id.wikipedia.org/wiki/Bahasa_Embaloh,4,https://id.wikipedia.org/wiki/Bahasa_Indonesia
2,431,https://id.wikipedia.org/wiki/Bahasa_Hovongan,4,https://id.wikipedia.org/wiki/Bahasa_Indonesia
2,432,https://id.wikipedia.org/wiki/Bahasa_Iban,4,https://id.wikipedia.org/wiki/Bahasa_Indonesia
2,433,https://id.wikipedia.org/wiki/Bahasa_Jangkang,4,https://id.wikipedia.org/wiki/Bahasa_Indonesia
2,434,https://id.wikipedia.org/wiki/Bahasa_Kayan_Mahakam,4,https://id.wikipedia.org/wiki/Bahasa_Indonesia
2,435,https://id.wikipedia.org/wiki/Bahasa_Kayan_Busang,4,https://id.wikipedia.org/wiki/Bahasa_Indonesia
2,436,https://id.wikipedia.org/wiki/Bahasa_Kayan_Sungai_Kayan,4,https://id.wikipedia.org/wiki/Bahasa_Indonesia
2,437,https://id.wikipedia.org/wiki/Bahasa_Kayan_Mendalam,4,https://id.wikipedia.org/wiki/Bahasa_Indonesia
2,438,https://id.wikipedia.org/wiki/Bahasa_Kayan_Wahau,4,https://id.wikipedia.org/wiki/Bahasa_Indonesia
2,439,https://id.wikipedia.org/wiki/Bahasa_Kelabit,4,https://id.wikipedia.org/wiki/Bahasa_Indonesia
2,440,https://id.wikipedia.org/wiki/Bahasa_Kembayan,4,https://id.wikipedia.org/wiki/Bahasa_Indonesia
2,441,https://id.wikipedia.org/wiki/Bahasa_Kendayan,4,https://id.wikipedia.org/wiki/Bahasa_Indonesia
2,442,https://id.wikipedia.org/wiki/Bahasa_Keninjal,4,https://id.wikipedia.org/wiki/Bahasa_Indonesia
2,443,https://id.wikipedia.org/wiki/Bahasa_Kenyah_Kelinyau,4,https://id.wikipedia.org/wiki/Bahasa_Indonesia
2,444,https://id.wikipedia.org/wiki/Bahasa_Kenyah_Wahau,4,https://id.wikipedia.org/wiki/Bahasa_Indonesia
2,445,https://id.wikipedia.org/wiki/Bahasa_Kereho,4,https://id.wikipedia.org/wiki/Bahasa_Indonesia
2,446,https://id.wikipedia.org/wiki/Bahasa_Kohin,4,https://id.wikipedia.org/wiki/Bahasa_Indonesia
2,447,https://id.wikipedia.org/wiki/Bahasa_Lawangan,4,https://id.wikipedia.org/wiki/Bahasa_Indonesia
2,448,https://id.wikipedia.org/wiki/Bahasa_Lengilu,4,https://id.wikipedia.org/wiki/Bahasa_Indonesia
2,449,https://id.wikipedia.org/wiki/Bahasa_Lundayeh,4,https://id.wikipedia.org/wiki/Bahasa_Indonesia
2,450,https://id.wikipedia.org/wiki/Bahasa_Maanyan,4,https://id.wikipedia.org/wiki/Bahasa_Indonesia
2,451,https://id.wikipedia.org/wiki/Bahasa_Berau,4,https://id.wikipedia.org/wiki/Bahasa_Indonesia
2,452,https://id.wikipedia.org/wiki/Bahasa_Bukit,4,https://id.wikipedia.org/wiki/Bahasa_Indonesia
2,453,https://id.wikipedia.org/wiki/Bahasa_Melayu_Kutai_Kota_Bangun,4,https://id.wikipedia.org/wiki/Bahasa_Indonesia
2,454,https://id.wikipedia.org/wiki/Bahasa_Melayu_Pontianak,4,https://id.wikipedia.org/wiki/Bahasa_Indonesia
2,455,https://id.wikipedia.org/wiki/Bahasa_Melayu_Kutai_Tenggarong,4,https://id.wikipedia.org/wiki/Bahasa_Indonesia
2,456,https://id.wikipedia.org/wiki/Bahasa_Melayu_Dayak,4,https://id.wikipedia.org/wiki/Bahasa_Indonesia
2,457,https://id.wikipedia.org/wiki/Bahasa_Modang,4,https://id.wikipedia.org/wiki/Bahasa_Indonesia
2,458,https://id.wikipedia.org/wiki/Bahasa_Mualang,4,https://id.wikipedia.org/wiki/Bahasa_Indonesia
2,459,https://id.wikipedia.org/wiki/Bahasa_Ngaju,4,https://id.wikipedia.org/wiki/Bahasa_Indonesia
2,460,https://id.wikipedia.org/wiki/Bahasa_Okolod,4,https://id.wikipedia.org/wiki/Bahasa_Indonesia
2,461,https://id.wikipedia.org/wiki/Bahasa_Ot_Danum,4,https://id.wikipedia.org/wiki/Bahasa_Indonesia
2,462,https://id.wikipedia.org/wiki/Bahasa_Paku,4,https://id.wikipedia.org/wiki/Bahasa_Indonesia
2,463,https://id.wikipedia.org/wiki/Bahasa_Punan_Aput,4,https://id.wikipedia.org/wiki/Bahasa_Indonesia
2,464,https://id.wikipedia.org/wiki/Bahasa_Punan_Merah,4,https://id.wikipedia.org/wiki/Bahasa_Indonesia
2,465,https://id.wikipedia.org/wiki/Bahasa_Sanggau,4,https://id.wikipedia.org/wiki/Bahasa_Indonesia
2,466,https://id.wikipedia.org/wiki/Bahasa_Seberuang,4,https://id.wikipedia.org/wiki/Bahasa_Indonesia
2,467,https://id.wikipedia.org/wiki/Bahasa_Segai,4,https://id.wikipedia.org/wiki/Bahasa_Indonesia
2,468,https://id.wikipedia.org/wiki/Bahasa_Siang,4,https://id.wikipedia.org/wiki/Bahasa_Indonesia
2,469,https://id.wikipedia.org/wiki/Bahasa_Taman,4,https://id.wikipedia.org/wiki/Bahasa_Indonesia
2,470,https://id.wikipedia.org/wiki/Bahasa_Tausug,4,https://id.wikipedia.org/wiki/Bahasa_Indonesia
2,471,https://id.wikipedia.org/wiki/Bahasa_Tawoyan,4,https://id.wikipedia.org/wiki/Bahasa_Indonesia
2,472,https://id.wikipedia.org/wiki/Bahasa_Tidong,4,https://id.wikipedia.org/wiki/Bahasa_Indonesia
2,473,https://id.wikipedia.org/wiki/Bahasa_Tunjung,4,https://id.wikipedia.org/wiki/Bahasa_Indonesia
2,474,https://id.wikipedia.org/wiki/Daftar_bahasa_di_Sulawesi,4,https://id.wikipedia.org/wiki/Bahasa_Indonesia
2,475,https://id.wikipedia.org/wiki/Sulawesi,4,https://id.wikipedia.org/wiki/Bahasa_Indonesia
2,476,https://id.wikipedia.org/wiki/Bahasa_Andio,4,https://id.wikipedia.org/wiki/Bahasa_Indonesia
2,477,https://id.wikipedia.org/wiki/Bahasa_Aralle-Tabulahan,4,https://id.wikipedia.org/wiki/Bahasa_Indonesia
2,478,https://id.wikipedia.org/wiki/Bahasa_Bada,4,https://id.wikipedia.org/wiki/Bahasa_Indonesia
2,479,https://id.wikipedia.org/wiki/Bahasa_Bahonsuai,4,https://id.wikipedia.org/wiki/Bahasa_Indonesia
2,480,https://id.wikipedia.org/wiki/Bahasa_Bajau_Indonesia,4,https://id.wikipedia.org/wiki/Bahasa_Indonesia
2,481,https://id.wikipedia.org/wiki/Bahasa_Balaesang,4,https://id.wikipedia.org/wiki/Bahasa_Indonesia
2,482,https://id.wikipedia.org/wiki/Bahasa_Balantak,4,https://id.wikipedia.org/wiki/Bahasa_Indonesia
2,483,https://id.wikipedia.org/wiki/Bahasa_Bambam,4,https://id.wikipedia.org/wiki/Bahasa_Indonesia
2,484,https://id.wikipedia.org/wiki/Bahasa_Banggai,4,https://id.wikipedia.org/wiki/Bahasa_Indonesia
2,485,https://id.wikipedia.org/wiki/Bahasa_Batui,4,https://id.wikipedia.org/wiki/Bahasa_Indonesia
2,486,https://id.wikipedia.org/wiki/Bahasa_Behoa,4,https://id.wikipedia.org/wiki/Bahasa_Indonesia
2,487,https://id.wikipedia.org/wiki/Bahasa_Bobongko,4,https://id.wikipedia.org/wiki/Bahasa_Indonesia
2,488,https://id.wikipedia.org/wiki/Bahasa_Bugis,4,https://id.wikipedia.org/wiki/Bahasa_Indonesia
2,489,https://id.wikipedia.org/wiki/Bahasa_Bungku,4,https://id.wikipedia.org/wiki/Bahasa_Indonesia
2,490,https://id.wikipedia.org/wiki/Bahasa_Buol,4,https://id.wikipedia.org/wiki/Bahasa_Indonesia
2,491,https://id.wikipedia.org/wiki/Bahasa_Campalagian,4,https://id.wikipedia.org/wiki/Bahasa_Indonesia
2,492,https://id.wikipedia.org/wiki/Bahasa_Cia-Cia,4,https://id.wikipedia.org/wiki/Bahasa_Indonesia
2,493,https://id.wikipedia.org/wiki/Bahasa_Duri,4,https://id.wikipedia.org/wiki/Bahasa_Indonesia
2,494,https://id.wikipedia.org/wiki/Bahasa_Enrekang,4,https://id.wikipedia.org/wiki/Bahasa_Indonesia
2,495,https://id.wikipedia.org/wiki/Bahasa_Gorontalo,4,https://id.wikipedia.org/wiki/Bahasa_Indonesia
2,496,https://id.wikipedia.org/wiki/Bahasa_Kaidipang,4,https://id.wikipedia.org/wiki/Bahasa_Indonesia
2,497,https://id.wikipedia.org/wiki/Bahasa_Kamaru,4,https://id.wikipedia.org/wiki/Bahasa_Indonesia
2,498,https://id.wikipedia.org/wiki/Bahasa_Konjo_Pegunungan,4,https://id.wikipedia.org/wiki/Bahasa_Indonesia
2,499,https://id.wikipedia.org/wiki/Bahasa_Konjo_Pesisir,4,https://id.wikipedia.org/wiki/Bahasa_Indonesia
2,500,https://id.wikipedia.org/wiki/Bahasa_Lauje,4,https://id.wikipedia.org/wiki/Bahasa_Indonesia
2,501,https://id.wikipedia.org/wiki/Bahasa_Lemolang,4,https://id.wikipedia.org/wiki/Bahasa_Indonesia
2,502,https://id.wikipedia.org/wiki/Bahasa_Liabuku,4,https://id.wikipedia.org/wiki/Bahasa_Indonesia
2,503,https://id.wikipedia.org/wiki/Bahasa_Maiwa,4,https://id.wikipedia.org/wiki/Bahasa_Indonesia
2,504,https://id.wikipedia.org/wiki/Bahasa_Makassar,4,https://id.wikipedia.org/wiki/Bahasa_Indonesia
2,505,https://id.wikipedia.org/wiki/Bahasa_Melayu_Makassar,4,https://id.wikipedia.org/wiki/Bahasa_Indonesia
2,506,https://id.wikipedia.org/wiki/Bahasa_Manado,4,https://id.wikipedia.org/wiki/Bahasa_Indonesia
2,507,https://id.wikipedia.org/wiki/Bahasa_Malimpung,4,https://id.wikipedia.org/wiki/Bahasa_Indonesia
2,508,https://id.wikipedia.org/wiki/Bahasa_Mamasa,4,https://id.wikipedia.org/wiki/Bahasa_Indonesia
2,509,https://id.wikipedia.org/wiki/Bahasa_Mandar,4,https://id.wikipedia.org/wiki/Bahasa_Indonesia
2,510,https://id.wikipedia.org/wiki/Bahasa_Moma,4,https://id.wikipedia.org/wiki/Bahasa_Indonesia
2,511,https://id.wikipedia.org/wiki/Bahasa_Mongondow,4,https://id.wikipedia.org/wiki/Bahasa_Indonesia
2,512,https://id.wikipedia.org/wiki/Bahasa_Mori_Atas,4,https://id.wikipedia.org/wiki/Bahasa_Indonesia
2,513,https://id.wikipedia.org/wiki/Bahasa_Mori_Bawah,4,https://id.wikipedia.org/wiki/Bahasa_Indonesia
2,514,https://id.wikipedia.org/wiki/Bahasa_Muna,4,https://id.wikipedia.org/wiki/Bahasa_Indonesia
2,515,https://id.wikipedia.org/wiki/Bahasa_Napu,4,https://id.wikipedia.org/wiki/Bahasa_Indonesia
2,516,https://id.wikipedia.org/wiki/Bahasa_Padoe,4,https://id.wikipedia.org/wiki/Bahasa_Indonesia
2,517,https://id.wikipedia.org/wiki/Bahasa_Pamona,4,https://id.wikipedia.org/wiki/Bahasa_Indonesia
2,518,https://id.wikipedia.org/wiki/Bahasa_Panasuan,4,https://id.wikipedia.org/wiki/Bahasa_Indonesia
2,519,https://id.wikipedia.org/wiki/Bahasa_Sangir,4,https://id.wikipedia.org/wiki/Bahasa_Indonesia
2,520,https://id.wikipedia.org/wiki/Bahasa_Sarudu,4,https://id.wikipedia.org/wiki/Bahasa_Indonesia
2,521,https://id.wikipedia.org/wiki/Bahasa_Sedoa,4,https://id.wikipedia.org/wiki/Bahasa_Indonesia
2,522,https://id.wikipedia.org/wiki/Bahasa_Selayar,4,https://id.wikipedia.org/wiki/Bahasa_Indonesia
2,523,https://id.wikipedia.org/wiki/Bahasa_Suwawa,4,https://id.wikipedia.org/wiki/Bahasa_Indonesia
2,524,https://id.wikipedia.org/wiki/Bahasa_Tae%27,4,https://id.wikipedia.org/wiki/Bahasa_Indonesia
2,525,https://id.wikipedia.org/wiki/Bahasa_Talaud,4,https://id.wikipedia.org/wiki/Bahasa_Indonesia
2,526,https://id.wikipedia.org/wiki/Bahasa_Taloki,4,https://id.wikipedia.org/wiki/Bahasa_Indonesia
2,527,https://id.wikipedia.org/wiki/Bahasa_Tolaki,4,https://id.wikipedia.org/wiki/Bahasa_Indonesia
2,528,https://id.wikipedia.org/wiki/Bahasa_Tomadino,4,https://id.wikipedia.org/wiki/Bahasa_Indonesia
2,529,https://id.wikipedia.org/wiki/Bahasa_Tombelala,4,https://id.wikipedia.org/wiki/Bahasa_Indonesia
2,530,https://id.wikipedia.org/wiki/Bahasa_Tombulu,4,https://id.wikipedia.org/wiki/Bahasa_Indonesia
2,531,https://id.wikipedia.org/wiki/Bahasa_Tonsawang,4,https://id.wikipedia.org/wiki/Bahasa_Indonesia
2,532,https://id.wikipedia.org/wiki/Bahasa_Tonsea,4,https://id.wikipedia.org/wiki/Bahasa_Indonesia
2,533,https://id.wikipedia.org/wiki/Bahasa_Tontemboan,4,https://id.wikipedia.org/wiki/Bahasa_Indonesia
2,534,https://id.wikipedia.org/wiki/Bahasa_Toraja-Sa%27dan,4,https://id.wikipedia.org/wiki/Bahasa_Indonesia
2,535,https://id.wikipedia.org/wiki/Bahasa_Totoli,4,https://id.wikipedia.org/wiki/Bahasa_Indonesia
2,536,https://id.wikipedia.org/wiki/Bahasa_Tukang_Besi,4,https://id.wikipedia.org/wiki/Bahasa_Indonesia
2,537,https://id.wikipedia.org/wiki/Bahasa_Tukang_Besi,4,https://id.wikipedia.org/wiki/Bahasa_Indonesia
2,538,https://id.wikipedia.org/wiki/Bahasa_Wawonii,4,https://id.wikipedia.org/wiki/Bahasa_Indonesia
2,539,https://id.wikipedia.org/wiki/Bahasa_Wolio,4,https://id.wikipedia.org/wiki/Bahasa_Indonesia
2,540,https://id.wikipedia.org/wiki/Bahasa_Wotu,4,https://id.wikipedia.org/wiki/Bahasa_Indonesia
2,541,https://id.wikipedia.org/wiki/Daftar_bahasa_di_Kepulauan_Maluku,4,https://id.wikipedia.org/wiki/Bahasa_Indonesia
2,542,https://id.wikipedia.org/wiki/Kepulauan_Maluku,4,https://id.wikipedia.org/wiki/Bahasa_Indonesia
2,543,https://id.wikipedia.org/wiki/Bahasa_Alune,4,https://id.wikipedia.org/wiki/Bahasa_Indonesia
2,544,https://id.wikipedia.org/wiki/Bahasa_Amahai,4,https://id.wikipedia.org/wiki/Bahasa_Indonesia
2,545,https://id.wikipedia.org/wiki/Bahasa_Ambelau,4,https://id.wikipedia.org/wiki/Bahasa_Indonesia
2,546,https://id.wikipedia.org/wiki/Bahasa_Aputai,4,https://id.wikipedia.org/wiki/Bahasa_Indonesia
2,547,https://id.wikipedia.org/wiki/Bahasa_Asilulu,4,https://id.wikipedia.org/wiki/Bahasa_Indonesia
2,548,https://id.wikipedia.org/wiki/Bahasa_Barakai,4,https://id.wikipedia.org/wiki/Bahasa_Indonesia
2,549,https://id.wikipedia.org/wiki/Bahasa_Batuley,4,https://id.wikipedia.org/wiki/Bahasa_Indonesia
2,550,https://id.wikipedia.org/wiki/Bahasa_Benggoi,4,https://id.wikipedia.org/wiki/Bahasa_Indonesia
2,551,https://id.wikipedia.org/wiki/Bahasa_Bobot,4,https://id.wikipedia.org/wiki/Bahasa_Indonesia
2,552,https://id.wikipedia.org/wiki/Bahasa_Buli,4,https://id.wikipedia.org/wiki/Bahasa_Indonesia
2,553,https://id.wikipedia.org/wiki/Bahasa_Dobel,4,https://id.wikipedia.org/wiki/Bahasa_Indonesia
2,554,https://id.wikipedia.org/wiki/Bahasa_Fordata,4,https://id.wikipedia.org/wiki/Bahasa_Indonesia
2,555,https://id.wikipedia.org/wiki/Bahasa_Galela,4,https://id.wikipedia.org/wiki/Bahasa_Indonesia
2,556,https://id.wikipedia.org/wiki/Bahasa_Gamkonora,4,https://id.wikipedia.org/wiki/Bahasa_Indonesia
2,557,https://id.wikipedia.org/wiki/Bahasa_Hoti,4,https://id.wikipedia.org/wiki/Bahasa_Indonesia
2,558,https://id.wikipedia.org/wiki/Bahasa_Huaulu,4,https://id.wikipedia.org/wiki/Bahasa_Indonesia
2,559,https://id.wikipedia.org/wiki/Bahasa_Karey,4,https://id.wikipedia.org/wiki/Bahasa_Indonesia
2,560,https://id.wikipedia.org/wiki/Bahasa_Kayeli,4,https://id.wikipedia.org/wiki/Bahasa_Indonesia
2,561,https://id.wikipedia.org/wiki/Bahasa_Kei,4,https://id.wikipedia.org/wiki/Bahasa_Indonesia
2,562,https://id.wikipedia.org/wiki/Bahasa_Kisar,4,https://id.wikipedia.org/wiki/Bahasa_Indonesia
2,563,https://id.wikipedia.org/wiki/Bahasa_Koba,4,https://id.wikipedia.org/wiki/Bahasa_Indonesia
2,564,https://id.wikipedia.org/wiki/Bahasa_Kola,4,https://id.wikipedia.org/wiki/Bahasa_Indonesia
2,565,https://id.wikipedia.org/wiki/Bahasa_Lola,4,https://id.wikipedia.org/wiki/Bahasa_Indonesia
2,566,https://id.wikipedia.org/wiki/Bahasa_Loloda,4,https://id.wikipedia.org/wiki/Bahasa_Indonesia
2,567,https://id.wikipedia.org/wiki/Bahasa_Lorang,4,https://id.wikipedia.org/wiki/Bahasa_Indonesia
2,568,https://id.wikipedia.org/wiki/Bahasa_Makian_Barat,4,https://id.wikipedia.org/wiki/Bahasa_Indonesia
2,569,https://id.wikipedia.org/wiki/Bahasa_Makian_Timur,4,https://id.wikipedia.org/wiki/Bahasa_Indonesia
2,570,https://id.wikipedia.org/wiki/Bahasa_Melayu_Ambon,4,https://id.wikipedia.org/wiki/Bahasa_Indonesia
2,571,https://id.wikipedia.org/wiki/Bahasa_Melayu_Bacan,4,https://id.wikipedia.org/wiki/Bahasa_Indonesia
2,572,https://id.wikipedia.org/wiki/Bahasa_Melayu_Banda,4,https://id.wikipedia.org/wiki/Bahasa_Indonesia
2,573,https://id.wikipedia.org/wiki/Bahasa_Melayu_Maluku_Utara,4,https://id.wikipedia.org/wiki/Bahasa_Indonesia
2,574,https://id.wikipedia.org/wiki/Bahasa_Manombai,4,https://id.wikipedia.org/wiki/Bahasa_Indonesia
2,575,https://id.wikipedia.org/wiki/Bahasa_Manusela,4,https://id.wikipedia.org/wiki/Bahasa_Indonesia
2,576,https://id.wikipedia.org/wiki/Bahasa_Mariri,4,https://id.wikipedia.org/wiki/Bahasa_Indonesia
2,577,https://id.wikipedia.org/wiki/Bahasa_Masiwang,4,https://id.wikipedia.org/wiki/Bahasa_Indonesia
2,578,https://id.wikipedia.org/wiki/Bahasa_Modole,4,https://id.wikipedia.org/wiki/Bahasa_Indonesia
2,579,https://id.wikipedia.org/wiki/Bahasa_Oirata,4,https://id.wikipedia.org/wiki/Bahasa_Indonesia
2,580,https://id.wikipedia.org/wiki/Bahasa_Pagu,4,https://id.wikipedia.org/wiki/Bahasa_Indonesia
2,581,https://id.wikipedia.org/wiki/Bahasa_Sahu,4,https://id.wikipedia.org/wiki/Bahasa_Indonesia
2,582,https://id.wikipedia.org/wiki/Bahasa_Salas,4,https://id.wikipedia.org/wiki/Bahasa_Indonesia
2,583,https://id.wikipedia.org/wiki/Bahasa_Sawai,4,https://id.wikipedia.org/wiki/Bahasa_Indonesia
2,584,https://id.wikipedia.org/wiki/Bahasa_Selaru,4,https://id.wikipedia.org/wiki/Bahasa_Indonesia
2,585,https://id.wikipedia.org/wiki/Bahasa_Seluwasan,4,https://id.wikipedia.org/wiki/Bahasa_Indonesia
2,586,https://id.wikipedia.org/wiki/Bahasa_Tabaru,4,https://id.wikipedia.org/wiki/Bahasa_Indonesia
2,587,https://id.wikipedia.org/wiki/Bahasa_Ternate,4,https://id.wikipedia.org/wiki/Bahasa_Indonesia
2,588,https://id.wikipedia.org/wiki/Bahasa_Tidore,4,https://id.wikipedia.org/wiki/Bahasa_Indonesia
2,589,https://id.wikipedia.org/wiki/Bahasa_Tobelo,4,https://id.wikipedia.org/wiki/Bahasa_Indonesia
2,590,https://id.wikipedia.org/wiki/Bahasa_Tugun,4,https://id.wikipedia.org/wiki/Bahasa_Indonesia
2,591,https://id.wikipedia.org/wiki/Bahasa_Ujir,4,https://id.wikipedia.org/wiki/Bahasa_Indonesia
2,592,https://id.wikipedia.org/wiki/Bahasa_Waioli,4,https://id.wikipedia.org/wiki/Bahasa_Indonesia
2,593,https://id.wikipedia.org/wiki/Bahasa_Watubela,4,https://id.wikipedia.org/wiki/Bahasa_Indonesia
2,594,https://id.wikipedia.org/wiki/Bahasa_Yalahatan,4,https://id.wikipedia.org/wiki/Bahasa_Indonesia
2,595,https://id.wikipedia.org/wiki/Bahasa_Yamdena,4,https://id.wikipedia.org/wiki/Bahasa_Indonesia
2,596,https://id.wikipedia.org/wiki/Daftar_bahasa_di_Papua,4,https://id.wikipedia.org/wiki/Bahasa_Indonesia
2,597,https://id.wikipedia.org/wiki/Papua,4,https://id.wikipedia.org/wiki/Bahasa_Indonesia
2,598,https://id.wikipedia.org/wiki/Bahasa_Abinomn,4,https://id.wikipedia.org/wiki/Bahasa_Indonesia
2,599,https://id.wikipedia.org/wiki/Bahasa_Abun,4,https://id.wikipedia.org/wiki/Bahasa_Indonesia
2,600,https://id.wikipedia.org/wiki/Bahasa_Aghu,4,https://id.wikipedia.org/wiki/Bahasa_Indonesia
2,601,https://id.wikipedia.org/wiki/Bahasa_Airoran,4,https://id.wikipedia.org/wiki/Bahasa_Indonesia
2,602,https://id.wikipedia.org/wiki/Bahasa_Ambai,4,https://id.wikipedia.org/wiki/Bahasa_Indonesia
2,603,https://id.wikipedia.org/wiki/Bahasa_Anasi,4,https://id.wikipedia.org/wiki/Bahasa_Indonesia
2,604,https://id.wikipedia.org/wiki/Bahasa_Ansus,4,https://id.wikipedia.org/wiki/Bahasa_Indonesia
2,605,https://id.wikipedia.org/wiki/Bahasa_Arandai,4,https://id.wikipedia.org/wiki/Bahasa_Indonesia
2,606,https://id.wikipedia.org/wiki/Bahasa_Arguni,4,https://id.wikipedia.org/wiki/Bahasa_Indonesia
2,607,https://id.wikipedia.org/wiki/Bahasa_As,4,https://id.wikipedia.org/wiki/Bahasa_Indonesia
2,608,https://id.wikipedia.org/wiki/Bahasa_Atohwaim,4,https://id.wikipedia.org/wiki/Bahasa_Indonesia
2,609,https://id.wikipedia.org/wiki/Bahasa_Auye,4,https://id.wikipedia.org/wiki/Bahasa_Indonesia
2,610,https://id.wikipedia.org/wiki/Bahasa_Awbono,4,https://id.wikipedia.org/wiki/Bahasa_Indonesia
2,611,https://id.wikipedia.org/wiki/Bahasa_Awera,4,https://id.wikipedia.org/wiki/Bahasa_Indonesia
2,612,https://id.wikipedia.org/wiki/Bahasa_Awyi,4,https://id.wikipedia.org/wiki/Bahasa_Indonesia
2,613,https://id.wikipedia.org/wiki/Bahasa_Awyu_Asue,4,https://id.wikipedia.org/wiki/Bahasa_Indonesia
2,614,https://id.wikipedia.org/wiki/Bahasa_Bagusa,4,https://id.wikipedia.org/wiki/Bahasa_Indonesia
2,615,https://id.wikipedia.org/wiki/Bahasa_Baham,4,https://id.wikipedia.org/wiki/Bahasa_Indonesia
2,616,https://id.wikipedia.org/wiki/Bahasa_Barapasi,4,https://id.wikipedia.org/wiki/Bahasa_Indonesia
2,617,https://id.wikipedia.org/wiki/Bahasa_Biak,4,https://id.wikipedia.org/wiki/Bahasa_Indonesia
2,618,https://id.wikipedia.org/wiki/Bahasa_Burmeso,4,https://id.wikipedia.org/wiki/Bahasa_Indonesia
2,619,https://id.wikipedia.org/wiki/Bahasa_Citak,4,https://id.wikipedia.org/wiki/Bahasa_Indonesia
2,620,https://id.wikipedia.org/wiki/Bahasa_Dani_Barat,4,https://id.wikipedia.org/wiki/Bahasa_Indonesia
2,621,https://id.wikipedia.org/wiki/Bahasa_Duriankere,4,https://id.wikipedia.org/wiki/Bahasa_Indonesia
2,622,https://id.wikipedia.org/wiki/Bahasa_Dusner,4,https://id.wikipedia.org/wiki/Bahasa_Indonesia
2,623,https://id.wikipedia.org/wiki/Bahasa_Emem,4,https://id.wikipedia.org/wiki/Bahasa_Indonesia
2,624,https://id.wikipedia.org/wiki/Bahasa_Irarutu,4,https://id.wikipedia.org/wiki/Bahasa_Indonesia
2,625,https://id.wikipedia.org/wiki/Bahasa_Kaburi,4,https://id.wikipedia.org/wiki/Bahasa_Indonesia
2,626,https://id.wikipedia.org/wiki/Bahasa_Kais,4,https://id.wikipedia.org/wiki/Bahasa_Indonesia
2,627,https://id.wikipedia.org/wiki/Bahasa_Kalabra,4,https://id.wikipedia.org/wiki/Bahasa_Indonesia
2,628,https://id.wikipedia.org/wiki/Bahasa_Karon_Dori,4,https://id.wikipedia.org/wiki/Bahasa_Indonesia
2,629,https://id.wikipedia.org/wiki/Bahasa_Kemtuik,4,https://id.wikipedia.org/wiki/Bahasa_Indonesia
2,630,https://id.wikipedia.org/wiki/Bahasa_Kokoda,4,https://id.wikipedia.org/wiki/Bahasa_Indonesia
2,631,https://id.wikipedia.org/wiki/Bahasa_Korowai,4,https://id.wikipedia.org/wiki/Bahasa_Indonesia
2,632,https://id.wikipedia.org/wiki/Bahasa_Kowiai,4,https://id.wikipedia.org/wiki/Bahasa_Indonesia
2,633,https://id.wikipedia.org/wiki/Bahasa_Legenyem,4,https://id.wikipedia.org/wiki/Bahasa_Indonesia
2,634,https://id.wikipedia.org/wiki/Bahasa_Mai_Brat,4,https://id.wikipedia.org/wiki/Bahasa_Indonesia
2,635,https://id.wikipedia.org/wiki/Bahasa_Melayu_Papua,4,https://id.wikipedia.org/wiki/Bahasa_Indonesia
2,636,https://id.wikipedia.org/wiki/Bahasa_Manikion,4,https://id.wikipedia.org/wiki/Bahasa_Indonesia
2,637,https://id.wikipedia.org/wiki/Bahasa_Moi,4,https://id.wikipedia.org/wiki/Bahasa_Indonesia
2,638,https://id.wikipedia.org/wiki/Bahasa_Moraid,4,https://id.wikipedia.org/wiki/Bahasa_Indonesia
2,639,https://id.wikipedia.org/wiki/Bahasa_Moskona,4,https://id.wikipedia.org/wiki/Bahasa_Indonesia
2,640,https://id.wikipedia.org/wiki/Bahasa_Mpur,4,https://id.wikipedia.org/wiki/Bahasa_Indonesia
2,641,https://id.wikipedia.org/wiki/Bahasa_Nafri,4,https://id.wikipedia.org/wiki/Bahasa_Indonesia
2,642,https://id.wikipedia.org/wiki/Bahasa_Nduga,4,https://id.wikipedia.org/wiki/Bahasa_Indonesia
2,643,https://id.wikipedia.org/wiki/Bahasa_Nggem,4,https://id.wikipedia.org/wiki/Bahasa_Indonesia
2,644,https://id.wikipedia.org/wiki/Bahasa_Onin,4,https://id.wikipedia.org/wiki/Bahasa_Indonesia
2,645,https://id.wikipedia.org/wiki/Bahasa_Puragi,4,https://id.wikipedia.org/wiki/Bahasa_Indonesia
2,646,https://id.wikipedia.org/wiki/Bahasa_Saponi,4,https://id.wikipedia.org/wiki/Bahasa_Indonesia
2,647,https://id.wikipedia.org/wiki/Bahasa_Saweru,4,https://id.wikipedia.org/wiki/Bahasa_Indonesia
2,648,https://id.wikipedia.org/wiki/Bahasa_Seget,4,https://id.wikipedia.org/wiki/Bahasa_Indonesia
2,649,https://id.wikipedia.org/wiki/Bahasa_Sekar,4,https://id.wikipedia.org/wiki/Bahasa_Indonesia
2,650,https://id.wikipedia.org/wiki/Bahasa_Sentani,4,https://id.wikipedia.org/wiki/Bahasa_Indonesia
2,651,https://id.wikipedia.org/wiki/Bahasa_Skou,4,https://id.wikipedia.org/wiki/Bahasa_Indonesia
2,652,https://id.wikipedia.org/wiki/Bahasa_Sobei,4,https://id.wikipedia.org/wiki/Bahasa_Indonesia
2,653,https://id.wikipedia.org/wiki/Bahasa_Suabo,4,https://id.wikipedia.org/wiki/Bahasa_Indonesia
2,654,https://id.wikipedia.org/wiki/Bahasa_Tabla,4,https://id.wikipedia.org/wiki/Bahasa_Indonesia
2,655,https://id.wikipedia.org/wiki/Bahasa_Tause,4,https://id.wikipedia.org/wiki/Bahasa_Indonesia
2,656,https://id.wikipedia.org/wiki/Bahasa_Tebi,4,https://id.wikipedia.org/wiki/Bahasa_Indonesia
2,657,https://id.wikipedia.org/wiki/Bahasa_Tehit,4,https://id.wikipedia.org/wiki/Bahasa_Indonesia
2,658,https://id.wikipedia.org/wiki/Bahasa_Tobati,4,https://id.wikipedia.org/wiki/Bahasa_Indonesia
2,659,https://id.wikipedia.org/wiki/Bahasa_Towei,4,https://id.wikipedia.org/wiki/Bahasa_Indonesia
2,660,https://id.wikipedia.org/wiki/Bahasa_Uruangnirin,4,https://id.wikipedia.org/wiki/Bahasa_Indonesia
2,661,https://id.wikipedia.org/wiki/Bahasa_Waropen,4,https://id.wikipedia.org/wiki/Bahasa_Indonesia
2,662,https://id.wikipedia.org/wiki/Bahasa_Yahadian,4,https://id.wikipedia.org/wiki/Bahasa_Indonesia
2,663,https://id.wikipedia.org/wiki/Bahasa_Yali_Angguruk,4,https://id.wikipedia.org/wiki/Bahasa_Indonesia
2,664,https://id.wikipedia.org/wiki/Bahasa_Yawa,4,https://id.wikipedia.org/wiki/Bahasa_Indonesia
2,665,https://id.wikipedia.org/wiki/Bahasa_Zorop,4,https://id.wikipedia.org/wiki/Bahasa_Indonesia
2,666,https://id.wikipedia.org/wiki/Kreol,4,https://id.wikipedia.org/wiki/Bahasa_Indonesia
2,667,https://id.wikipedia.org/wiki/Bahasa_isyarat,4,https://id.wikipedia.org/wiki/Bahasa_Indonesia
2,668,https://id.wikipedia.org/wiki/Bahasa_isolat,4,https://id.wikipedia.org/wiki/Bahasa_Indonesia
2,669,https://id.wikipedia.org/wiki/Bahasa_Pidgin,4,https://id.wikipedia.org/wiki/Bahasa_Indonesia
2,670,https://id.wikipedia.org/wiki/Malaysia,4,https://id.wikipedia.org/wiki/Bahasa_Indonesia
2,671,https://id.wikipedia.org/wiki/Brunei_Darussalam,4,https://id.wikipedia.org/wiki/Bahasa_Indonesia
2,672,https://id.wikipedia.org/wiki/Timor_Leste,4,https://id.wikipedia.org/wiki/Bahasa_Indonesia
2,673,https://id.wikipedia.org/wiki/Papua_Nugini,4,https://id.wikipedia.org/wiki/Bahasa_Indonesia
2,674,https://id.wikipedia.org/wiki/Oseania,4,https://id.wikipedia.org/wiki/Bahasa_Indonesia
2,675,https://id.wikipedia.org/wiki/Bahasa_punah,4,https://id.wikipedia.org/wiki/Bahasa_Indonesia
2,676,https://id.wikipedia.org/wiki/Bahasa_mati,4,https://id.wikipedia.org/wiki/Bahasa_Indonesia
2,677,https://id.wikipedia.org/wiki/Daftar_bahasa_di_Indonesia_menurut_BPS_2010,4,https://id.wikipedia.org/wiki/Bahasa_Indonesia
2,678,https://id.wikipedia.org/wiki/Bahasa_Indonesia,4,https://id.wikipedia.org/wiki/Bahasa_Indonesia
2,679,https://id.wikipedia.org/wiki/Bahasa_Indonesia,4,https://id.wikipedia.org/wiki/Bahasa_Indonesia
2,680,https://id.wikipedia.org/wiki/Halaman_Utama,4,https://id.wikipedia.org/wiki/Bahasa_Indonesia
2,681,https://id.wikipedia.org/wiki/Halaman_Utama,4,https://id.wikipedia.org/wiki/Bahasa_Indonesia
